-- --------------------------------------------------------
-- Host:                         190.145.239.11
-- Versión del servidor:         5.6.45 - MySQL Community Server (GPL)
-- SO del servidor:              Linux
-- HeidiSQL Versión:             10.2.0.5599
-- --------------------------------------------------------

/*!40101 SET @OLD_CHARACTER_SET_CLIENT=@@CHARACTER_SET_CLIENT */;
/*!40101 SET NAMES utf8 */;
/*!50503 SET NAMES utf8mb4 */;
/*!40014 SET @OLD_FOREIGN_KEY_CHECKS=@@FOREIGN_KEY_CHECKS, FOREIGN_KEY_CHECKS=0 */;
/*!40101 SET @OLD_SQL_MODE=@@SQL_MODE, SQL_MODE='NO_AUTO_VALUE_ON_ZERO' */;


-- Volcando estructura de base de datos para deparqueo_bd
CREATE DATABASE IF NOT EXISTS `deparqueo_bd` /*!40100 DEFAULT CHARACTER SET utf8 COLLATE utf8_spanish_ci */;
USE `deparqueo_bd`;

-- Volcando estructura para tabla deparqueo_bd.accesocaja
CREATE TABLE IF NOT EXISTS `accesocaja` (
  `caja` int(11) NOT NULL,
  `usuario` int(11) NOT NULL,
  `fechainicio` datetime NOT NULL,
  `fechacierre` datetime DEFAULT NULL,
  `totalrecibido` decimal(8,0) DEFAULT NULL COMMENT 'Almacena el total de la caja al momento del cierre',
  `totalcierre` decimal(8,0) DEFAULT NULL,
  PRIMARY KEY (`caja`,`usuario`,`fechainicio`),
  KEY `IXFK_accesocaja_caja` (`caja`),
  KEY `IXFK_accesocaja_usuario` (`usuario`),
  CONSTRAINT `FK_accesocaja_caja` FOREIGN KEY (`caja`) REFERENCES `caja` (`id`),
  CONSTRAINT `FK_accesocaja_usuario` FOREIGN KEY (`usuario`) REFERENCES `usuario` (`id`)
) ENGINE=InnoDB DEFAULT CHARSET=utf8 COLLATE=utf8_spanish_ci;

-- Volcando datos para la tabla deparqueo_bd.accesocaja: ~0 rows (aproximadamente)
/*!40000 ALTER TABLE `accesocaja` DISABLE KEYS */;
INSERT INTO `accesocaja` (`caja`, `usuario`, `fechainicio`, `fechacierre`, `totalrecibido`, `totalcierre`) VALUES
	(1, 3, '2019-06-30 17:11:05', NULL, NULL, NULL);
/*!40000 ALTER TABLE `accesocaja` ENABLE KEYS */;

-- Volcando estructura para tabla deparqueo_bd.caja
CREATE TABLE IF NOT EXISTS `caja` (
  `id` int(11) NOT NULL AUTO_INCREMENT,
  `descripcion` varchar(100) COLLATE utf8_spanish_ci DEFAULT NULL,
  PRIMARY KEY (`id`)
) ENGINE=InnoDB AUTO_INCREMENT=3 DEFAULT CHARSET=utf8 COLLATE=utf8_spanish_ci;

-- Volcando datos para la tabla deparqueo_bd.caja: ~1 rows (aproximadamente)
/*!40000 ALTER TABLE `caja` DISABLE KEYS */;
INSERT INTO `caja` (`id`, `descripcion`) VALUES
	(1, 'CAJA 1 (ENTRADA PRINCIPAL AVENIDA 7ma)'),
	(2, 'CAJA 2 (PARQUEADERO)');
/*!40000 ALTER TABLE `caja` ENABLE KEYS */;

-- Volcando estructura para tabla deparqueo_bd.cliente
CREATE TABLE IF NOT EXISTS `cliente` (
  `id` int(11) NOT NULL AUTO_INCREMENT,
  `documento` varchar(20) COLLATE utf8_spanish_ci DEFAULT NULL,
  `nombre` varchar(50) COLLATE utf8_spanish_ci DEFAULT NULL,
  `fechanacimiento` date DEFAULT NULL,
  `direccion` varchar(50) COLLATE utf8_spanish_ci DEFAULT NULL,
  `telefono` varchar(20) COLLATE utf8_spanish_ci DEFAULT NULL,
  `email` varchar(50) COLLATE utf8_spanish_ci DEFAULT NULL,
  `tipocliente` int(11) DEFAULT NULL COMMENT 'Almacena informaci?n de los tipos de clientes',
  `usuario` int(11) DEFAULT NULL COMMENT 'Almacena el id del usuario que registro al cliente',
  `observacion` varchar(500) COLLATE utf8_spanish_ci DEFAULT NULL,
  PRIMARY KEY (`id`),
  KEY `IXFK_cliente_tipocliente` (`tipocliente`),
  KEY `IXFK_cliente_usuario` (`usuario`),
  CONSTRAINT `FK_cliente_tipocliente` FOREIGN KEY (`tipocliente`) REFERENCES `tipocliente` (`id`),
  CONSTRAINT `FK_cliente_usuario` FOREIGN KEY (`usuario`) REFERENCES `usuario` (`id`)
) ENGINE=InnoDB AUTO_INCREMENT=287 DEFAULT CHARSET=utf8 COLLATE=utf8_spanish_ci;

-- Volcando datos para la tabla deparqueo_bd.cliente: ~278 rows (aproximadamente)
/*!40000 ALTER TABLE `cliente` DISABLE KEYS */;
INSERT INTO `cliente` (`id`, `documento`, `nombre`, `fechanacimiento`, `direccion`, `telefono`, `email`, `tipocliente`, `usuario`, `observacion`) VALUES
	(1, '1091661138', 'YAN ANGARITA', '2019-10-05', 'Av Calle 14', '3166760041', 'yan@gmail.com', 1, 2, NULL),
	(2, '1091657040', 'LORENA GARCIA', '2019-06-07', 'CALLE 11AN # 11AE-68', '572326722', 'lore@gmail.com', 2, 2, NULL),
	(3, '37317569', 'CARLOS RENE ANGARITA', '1984-06-08', 'CUCUTA', '3138776936', 'crangarita@gmail.com', 1, 2, NULL),
	(10, '37292232', 'MARIA ANGELA MIRANDA', NULL, NULL, '31157774937', NULL, 1, 1, 'EXL59D'),
	(11, '1090456526', 'ESTEVEN GOMEZ', NULL, 'CLL 12 #0-98 APTO 202 CENTRO ', '3213352210', 'STEVGOMEZ@HOTMAIL.COM', 1, 15, 'APB96E'),
	(12, '60391352', 'MILENA TORRES PEREZ', NULL, 'CLL 13 AV 13 #12-54 CONTENTO', '3112952052', '', 1, 9, 'LMQ23B'),
	(13, '37395070', 'SANDRA ASCANTA', NULL, NULL, '3168349075', NULL, 1, 1, 'EYF24D'),
	(14, '88224679', 'ALEX MANRIQUE', NULL, 'SIERRA NEVADA ', '3134227360', '', 1, 9, 'WLN47C'),
	(15, '15', 'NATALY GOMEZ', NULL, NULL, '', NULL, 1, 1, 'AC2D93U'),
	(16, '60390590', 'YUDITH TORRES', NULL, NULL, '3203003635', NULL, 1, 1, 'DQY72C'),
	(17, '1090373386', 'FABIO ASCANTA', NULL, NULL, '', NULL, 1, 1, 'NIE81D'),
	(18, '31712662', 'ANA MARIA MENDEZ', NULL, 'CLL 19 #7-30 LA CABRERA ', '3166988218', 'ANITAMENMAR@GMAIL.COM', 2, 9, 'RAG18B'),
	(19, '88199588', 'RICARDO PORTILLA', '2019-10-07', 'CLL 9 #17-85 SAN MIGUEL ', '3017276076', 'RICARDO7266@HOTMAIL.COM', 1, 15, 'RTJ33B'),
	(20, '88261682', 'GERMAN ESTEVEZ', '2019-10-07', 'SECTOR TRAPICHES VILLA DEL R. CONJUNTO MARANTAL', '3102647128', 'GERMANVALERIA2016@GMAIL.COM', 1, 15, 'SNP56B'),
	(21, '1090459763', 'KARIME BARCO', '2019-10-07', 'CLL 2 #1-16 MOTILONES', '3104824264', '', 1, 15, ''),
	(22, '88265083', 'FILIBERTO JULIO HOYOS', NULL, 'AV 13 #12-49 CONTENTO', '3015311227', 'FILYMILLER@HOTMAIL.COM', 2, 15, 'AI0N05A'),
	(23, '1193407498', 'STIVEN ANDRES VILLAN PEÑARANDA', NULL, 'CLL 24 #27-56 BARRIO BELEN', '3146491670', 'SAVP2011@HOTMAIL.COM', 2, 9, 'AA5L64U'),
	(24, '1090516052', 'MICHELL VANESA CASTILLO SIERRA', '2019-10-06', 'MZN A LT8 COLINAS DE BELLO MONTE', '3228099484', 'MICHELLCASTILLO1211@HOTMAIL.COM', 2, 15, 'APA52E'),
	(25, '1090513978', 'OSWALDO RAMOS', NULL, 'AV 6 CASA 9-30 DANIEL JORDAN LOS PATIOS  ', '3138956669', 'WALDOWALDO01@HOTMAIL.COM', 2, 9, 'HUU73E'),
	(26, '1094167479', 'GLENDA MARCELA BARBOSA CASTILLO', NULL, NULL, '314467479', NULL, 2, 1, 'SPT10E'),
	(27, '9716548', 'JIMI OSFALDO CUADROS', NULL, NULL, '3183522201', NULL, 2, 1, 'OCU35C'),
	(28, '1090484317', 'KEVIN  VILLAN PEÑARANDA', NULL, 'CLL 14 #13-24 APTO 201 CONTENTO', '3123925176', 'KEVINVILLANP21@GMAIL.COM', 2, 9, 'NHK42D'),
	(29, '1090452307', 'BRENDA ELIANA GARCIA HERNANDEZ', NULL, NULL, '3229503752', NULL, 2, 1, 'SLQ74C'),
	(30, '1090480632', 'NAYLETH FERNANDA GOMEZ DIAZ', NULL, 'AV 8A #6-70 CONDADO DEL ESTE ', '3107516103', 'NAFEGOMEZ@GMAIL.COM', 2, 9, 'XYK48'),
	(31, '1092358171', 'YENIFER KATHERINE SANDOVAL', NULL, NULL, '3167110445', NULL, 2, 1, 'SQJ72E'),
	(32, '27604315', 'MAYRA HURTADO', NULL, 'AV 20A #22A-16 MAGDALENA ', '3128238542', '', 2, 9, 'AOE89E'),
	(33, '1092365171', 'VALENTINA GUARIN SANDOVAL', NULL, NULL, '3124715480', NULL, 2, 1, 'ZKK06E'),
	(34, '63548571', 'YENNY CAROLINA SALINAS RIOS', NULL, 'AV 13 #10-86 EL LLANO', '3118847389', 'YCSALINAS1@MISENA.EDU.CO', 2, 9, 'DMC65D'),
	(35, '1090490483', 'SAMUEL PEREZ CONTRERAS', NULL, 'AV 5 #4N-07 PESCADERO', '3132731250', '', 2, 9, 'NBD31C'),
	(36, '60309663', 'GLADIS PORRAS GOMEZ', '2019-10-06', 'CLL 3N #3E -192 CAPILLANO', '3112514146', 'VERONICACALDERON80@GMAIL.COM', 2, 15, 'EXT49D'),
	(37, '1090438002', 'DIANA CAROLINA VILLAMIZAR', NULL, 'AV 1 #13-30 SAN LUIS', '3123760211', 'DIANAVILLAMIZARPORTILLO@GMAIL.COM', 2, 9, 'WRF12C'),
	(38, '1090504955', 'JONATHAN SANCHEZ', NULL, NULL, '3103236616', NULL, 2, 1, 'ZIP29E'),
	(39, '1090399416', 'LISBETH QUINTERO', NULL, NULL, '3182180104', NULL, 2, 1, 'SQZ53E'),
	(40, '60362931', 'NANCY JIMENEZ', NULL, 'MANZANA6 LT33 VALLES DEL RODEO ', '3206188061', '', 2, 9, 'MMR30D'),
	(41, '88210689', 'EDGAR ORLANDO GARCIA', NULL, NULL, '3156354207', NULL, 2, 1, 'AD3I9GK'),
	(42, '1093754645', 'JEFERSON DANIEL PEREZ', NULL, 'MZN 17 LT16 PALMERAS PARTE ALTA ATALAYA', '3224243699', 'MONITA1422@HOTMAIL.COM', 2, 9, 'YNF86D'),
	(43, '88230325', 'DANIEL CALDERON', NULL, NULL, '3208974135', NULL, 2, 1, 'GFA37C'),
	(44, '1093782093', 'OMAR ORLANDO ROJAS RAMIREZ', NULL, NULL, '3208361794', NULL, 2, 1, 'AGOW776'),
	(45, '1090415705', 'DARWIN ALEXIS GONZALES CONTRERAS', NULL, NULL, '3007478298', NULL, 2, 1, 'AJ2699A'),
	(46, '1093760267', 'DANIEL MARTINEZ', NULL, 'AV 1E #28-67 BARRIO CORDIALIDAD LOS PATIOS', '3142738643', '', 2, 9, 'SQG40E'),
	(47, '40938270', 'PATRICIA QUEVEDO', NULL, 'EDIFICIO SANTA BARBARA  803A', '3045607315', 'HPATRICIAQ@GMAIL.COM', 2, 15, 'XZR72'),
	(48, '60379332', 'SAMARA GUERRERO', NULL, NULL, '3166966093', NULL, 2, 1, 'ETR06D'),
	(49, '1093783617', 'JOHAN MAURICIO BLANCO MORA', NULL, NULL, '3202115258', NULL, 2, 1, 'XQ205'),
	(50, '1093748732', 'FABIAN SANDOVAL', NULL, NULL, '3112841806', NULL, 2, 1, 'BRV90D'),
	(51, '60390395', 'LAURA SOLER', NULL, 'CLL 9A #4-75 NUEVO ESCOBAR', '5769349', 'SOLERCOMUNICACIONESEVENTOS@GMAIL.COM', 2, 9, 'HVA12E'),
	(52, '60325049', 'HILDA MARITZA QUINTERO', NULL, 'CLL 18B SUR #9-76 LLANO GRANDE PATIOS', '3202664641', 'maritzaquintero671@gmail.com', 2, 15, 'SKI91C'),
	(53, '1004967084', 'CRISTIAN DIAZ', '2019-10-06', '', '3153821480', '', 2, 2, 'XZP64'),
	(54, '13506574', 'CIRO ALFONSO LAZARO', '2019-10-07', 'AV 16 #6-36 LOMA BOLIVAR ', '3106091069', '', 2, 15, 'MLG92B'),
	(55, '60393945', 'KARIME NAVA CARRERO', '2019-10-07', 'LOCAL 2-248', '3112310492', '', 2, 15, 'XQV40'),
	(56, '1090481509', 'BLEIMER AREVALO', '2019-10-07', 'CLL 6A #14-15 LOMA DE BOLIVAR ', '3132030040', 'BLEIMERAREVALO-13@HOTMAIL.COM', 2, 15, 'IFY14E'),
	(57, '1090371738', 'REINALDO CASTRO', NULL, 'CLL 21 #7-128 OSPINA PEREZ ', '3143334259', 'CALZADOREYSPORT@HOTMAIL.COM', 2, 15, 'ADOT44K'),
	(58, '1092364037', 'DIEGO FERNANDO BAUTISTA', NULL, NULL, '', NULL, 2, 1, 'UTX67D'),
	(59, '88250471', 'EDGAR HERNAN GELVEZ RANGEL', NULL, NULL, '3204997848', NULL, 2, 1, 'HVT80E'),
	(60, '1090452108', 'YEISON ORLANDO GOMEZ ROJAS', NULL, 'CALLE 37 #24-28 BELEN', '3205126547', 'YEISON07301992@GMAIL.COM', 2, 9, 'WEG53D'),
	(61, '13473892', 'ALFREDO FLOREZ', NULL, 'CLL 8 #15-46 SAN MIGUEL ', '3144012626', '', 2, 9, 'AC6218U'),
	(62, '88236036', 'YOJAN AMBROSIO CARDENAS VEGA', NULL, 'CLL 25 AV9 #25-86 CUBEROS  NIÑO ', '3022186373', '', 2, 9, 'HWE39E'),
	(63, '1090382115', 'ERIKA JASMIN JIMENEZ', NULL, 'AV 27 #21-14 BELEN ', '3167201190', 'MARILINS656@HOTMAIL.COM', 2, 15, 'XDW04'),
	(64, '52519313', 'MARIA JOSEFA SANCHEZ', NULL, NULL, '3184533517', NULL, 2, 1, 'SQJ72E'),
	(65, '1090379752', 'DIEGO SANCHEZ', NULL, NULL, '3134838395', NULL, 2, 1, 'DOJ10D'),
	(66, '1127573514', 'NASLY QUINTERO', NULL, 'AV LAS AMERICAS ', '3213011461', 'NASLI_VALENTINA@HOTMAIL.COM', 2, 15, ''),
	(67, '1005189619', 'SARAY VANESSA JIMENEZ', NULL, 'CONJUNTO VILLA DE SERRANOVA MZN K CASA 9', '3144903725', 'JIMENEZSARAY594@GMAIL.COM', 2, 9, 'IGM18E'),
	(68, '60370416', 'ELIANA STAPER BOTELLO', NULL, 'AV 5B #4-114 BARRIO PRADOS DEL ESTE', '3203703067', 'NARDAELIANASTAPER@HOTMAIL.COM', 2, 15, 'BAC38C'),
	(69, '69', 'BRENDA MILENA MEJIA', NULL, NULL, '', NULL, 2, 1, 'UTY49D'),
	(70, '69296936', 'QUIMAURA LIZCANO', '2019-10-07', 'CLL 3 #14-1441 BARRIO CARORA ', '3219962576', '', 2, 15, 'XGK26A'),
	(71, '1072647766', 'JAVIER HERNANDEZ', NULL, 'CLL 9AN #11AE-77 GUAIMARAL', '3229138732', 'SANDI_0321@HOTMAIL.COM', 2, 9, 'ZKN15E'),
	(72, '1085345629', 'CARLOS FUENTES', NULL, NULL, '3183872769', NULL, 2, 1, 'OIY69C'),
	(73, '1010003363', 'KATIUSCA YSAMAR VARGAS', NULL, 'AV 12 #8-05 EL LLANO CA14', '3186940766', 'KLINSMAN_2005@HOTMAIL.COM', 2, 15, 'IEO85E'),
	(74, '1090492112', 'YEISON ESNEIDER PEREZ', NULL, 'MZN 17 LT16-1 ATALAYA', '3118909344', '', 2, 15, 'BUV674'),
	(75, '1090454049', 'JESUS DAVID CAICEDO CONTRERAS', NULL, 'CLL 19 #10-51 BARRIO CAMILO TORRES', '3183741797', 'JESUSDCAICEDO@GMAIL.COM', 2, 9, 'DNB32D'),
	(76, '1093737241', 'MARIA TRUJILLO', NULL, 'AV 12 #12-20 CONTENTO', '3178590401', 'MARIABARON.86@GMAIL.COM', 2, 9, 'IGN78E'),
	(77, '80902754', 'MAURICIO SANTAMARIA', NULL, NULL, '3108009915', NULL, 2, 1, 'XUT41'),
	(78, '1098775345', 'JONATHAN FERNEY BLANCO', NULL, NULL, '3043314825', NULL, 2, 1, 'BQJ50C'),
	(79, '1090437198', 'CARMEN LUZANGELA CABRERA ROJAS', NULL, NULL, '3022867366', NULL, 2, 1, 'DOC95D'),
	(80, '88179892', 'ALBERT PACHECO CARRASCAL', NULL, NULL, '3112770063', NULL, 2, 1, 'AB7598U'),
	(81, '1090472036', 'NEYDER FABIAN CARRASCAL PARDO', NULL, NULL, '3222780471', NULL, 2, 1, 'HUK59E'),
	(82, '1090462113', 'CRISTIAN VARGAS', NULL, 'CLL 5 #9-56 CECI', '3125309661', 'BLYNG-13@HOTMAIL.COM', 2, 15, 'WRF77C'),
	(83, '1090402497', 'LUIS ALFREDO CASTILLO CASTRO', NULL, NULL, '3187086038', NULL, 2, 1, 'XZK88'),
	(84, '1094281589', 'ANGIE MILDRED DIAZ PEREZ', NULL, 'CLL 15 #2-41 GARCIA HERREROS', '3228441017', '', 2, 9, 'SKD72C'),
	(85, '1090984368', 'FREDDY REYES VELASQUEZ', NULL, NULL, '', NULL, 2, 1, 'HVM84E'),
	(86, '63487971', 'MARYORID SUAREZ GUERRERO', NULL, NULL, '3172978324', NULL, 2, 1, 'INZ88C'),
	(87, '88273568', 'WLADIMIR MENDOZA', NULL, 'AV 22 #14-25 GAITAN', '3002550034', 'DISNEYBAUTISTA1993@GMAIL.COM', 2, 9, 'PIS14'),
	(88, '1090427546', 'LIZETH SILVA SALAZAR', NULL, NULL, '3208660234', NULL, 2, 1, 'IGD95E'),
	(89, '1090430310', 'GERMAN ARLEY DUARTE TOBON', '2019-10-07', 'AV 5 #3-15 SAN LUIS ', '3046720830', '', 2, 15, 'IFH57E'),
	(90, '1093781565', 'MARIA ANDREA SANDOVAL', NULL, NULL, '3108813889', NULL, 2, 1, 'JIN84C'),
	(91, '91', 'JESUS OCHOA ', NULL, NULL, '', NULL, 2, 1, 'AJ3T86A'),
	(92, '60397611', 'CLAUDIA PATRICIA ALVAREZ CRUZ                  ', '2019-10-07', 'URBANIZACION EL RECREO CASA 11E', '3208848055', '', 2, 15, 'ANT26E'),
	(93, '1090463774', 'CARMEN CECILIA ROJAS', '2019-10-07', 'AV 1E #28-67 CORDIALIDAD LOS PATIOS', '3205910263', 'CARMENROJAS.22@HOTMAIL.COM', 2, 15, 'SPJ04E'),
	(95, '150294429', 'DARLING SANCHEZ', '2019-10-07', 'CONJUNTO VILLAS DE ALCALA CASA A5', '3138761237', 'DARLING_DJSC@HOTMAIL.COM', 2, 15, 'SPK59E'),
	(96, '88268803', 'ELIO GIOVANY PARRA', '2019-10-07', 'CLL 17A #4-72 ', '3219062047', '', 1, 15, 'AA427JK'),
	(97, '60258623', 'CLAUDIA JANETT ARGUELLO PEÑALOZA', NULL, '', '3183851935', '', 5, 2, 'FRQ244'),
	(98, '98', 'MARIA FERNANDA HERNANDEZ', NULL, NULL, '', NULL, 1, 1, 'HRR430'),
	(99, '1090404507', 'KATHERINE DIAZ', NULL, 'CLL 6 #8-86 CONJUNTO VERA CRUZ PRADOS DEL ESTE', '3204318057', 'KATHE_29_2@HOTMAIL.COM', 1, 9, 'JGY509'),
	(100, '13482763', 'JHON JAIRO BAEZ ANDRADE', NULL, NULL, '3138188735', NULL, 1, 1, 'AA544VS'),
	(101, '13462876', 'JOSE REINALDO CELY SOLER', NULL, 'CLL 9AN #3-34 EL BOSQUE', '3124823622', 'CELYJOSE3@GMAIL.COM', 1, 9, 'AA772HI'),
	(102, '27592534', 'YUDITZA ORDOÑEZ', NULL, 'CEIBA 2 EDIICIO TORRE CLUB', '3208375570', '', 2, 10, 'AE539RV'),
	(103, '13464816', 'ERASMO SILVA', '2019-10-06', 'CONDOMINIO LIMONAR ALTO CASA G8', '3144560999', '', 1, 15, 'AB649FP'),
	(104, '27705062', 'ALICIA QUINTERO NAVARRO', '2019-10-07', 'AV 4 #3-83 CONDOMINIO PRADOS DEL ESTE ', '3123138404', '', 1, 15, 'UDX644'),
	(105, '1090462394', 'KAREN DAHIANA AMADO', NULL, 'CLL 15 #20A-43 BALLESTER ', '3107743383', 'DAHIANA1603@GMAIL.COM', 1, 9, 'AD110WB'),
	(106, '88229650', 'MIGUEL ANGEL DELGADO', NULL, 'ALTOS DEL TAMARINDO CASA J6', '3163414412', 'MICHAELLANGELO2003@GMAIL.COM', 1, 15, 'OAN660'),
	(107, '88252828', 'SAUL MAURICIO MENDOZA HERNANDEZ', NULL, 'AV LIBERTADORES BLOQUE C ZULIMA APTO 102', '3102553431', 'SAULMENDOZAH04@GMAIL.COM', 1, 9, 'GDV39Z'),
	(108, '88246296', 'ALEXANDER BARCO OROZCO', NULL, 'AV 2 #22-08 OSPINA PEREZ', '3132265835', 'ALEXSANDER3241@GMAIL.COM', 1, 9, 'FRQ780'),
	(109, '1090413044', 'JESUS DEPRISA GRANADOS RAMIREZ', '2019-10-07', 'CLL4 #11E-42 QUINTA ORIENTAL ', '3208412433', 'JGRANADOS@EMPRESARIOS.COM', 7, 10, 'SZV353'),
	(110, '1090372742', 'DIANA BARCO', '2019-10-07', 'CLL 23 1-97 BARRIO OSPINA PEREZ', '3138545718', '', 1, 15, 'JHK013'),
	(111, 'LOCAL 3-243', 'CHEO SANCHEZ', NULL, NULL, '3043788797/5717544', NULL, 1, 1, 'IGV149'),
	(112, '88230146', 'JOSE GERARDO SANCHEZ', '2019-10-07', 'CENTRO COMERCIAL SANTANDER OFICINA 26', '3043788797', 'JOSE-SANCHEZ-3007@HOTMAIL.COM', 1, 15, 'UDX155'),
	(113, '13490285', 'JORGE BERMUDEZ', '2019-10-07', 'CLL 12 #16B-51 TORCOROMA 1 ', '3228400657', 'JORGEBERMU13@HOTMAIL.COM', 1, 15, 'BET246'),
	(114, '19132132', 'JOSELIN SANCHEZ REYES', NULL, 'CLL 10AN #4A-50 URBANIZACION EL BOSQUE', '5940894', '', 1, 9, 'HRP440'),
	(115, '88244351', 'JAVIER SUESCUN', NULL, NULL, '', NULL, 1, 1, 'EHQ229'),
	(116, '8739819', 'JUAN MANUEL PAREJO', NULL, 'CONJUNTO CERRADO TIRENSE CASA B17', '3228377260', '', 1, 9, 'AB372LK'),
	(117, '39538376', 'GLADIS CASTRO GOMEZ', NULL, 'CLL 10N #2A-56 BOSQUE PARAISO', '3123573355', 'GLADISCASTROGG@GMAIL.COM', 1, 9, 'AC443GS'),
	(118, '13445453', 'MARIO LOPEZ PARRA', '2019-10-06', 'AV 20 #27-101 SANTANDER ', '3133112198', 'AMHENAO23@HOTMAIL.COM', 1, 15, 'AA544EM'),
	(119, '13489947', 'WILSON ENRIQUE ROZO', '2019-10-06', 'VILLA CAMILA SAN LUIS', '3133504034', '', 1, 15, 'AA853HG'),
	(120, '13475415', 'JUAN BAUTISTA CONTRERAS ORTEGA', NULL, 'AV 22 #22-64 BARRIO NUEVO', '3167505351', '', 1, 9, 'BXK829'),
	(121, '88202662', 'MARCO CELY', NULL, 'CLL 5 #2E-44 CEIBA', '5716265', '', 1, 9, 'HRP344'),
	(122, '1093754210', 'CARLOS EDUARDO URIBE FAJARDO', NULL, NULL, '3156789449', NULL, 1, 1, 'AD556HJ'),
	(123, '60350078', 'JAQUELINE  FERNANDEZ JARAMILLO', NULL, 'URBANIZACION LA PALESTINA MZN 3 CSA3 ', '3105837867', '', 1, 15, 'CRL607'),
	(124, '60348230', 'VIRGELINA GALVAN', NULL, 'CONDOMINIO FIRENCE CASA C20', '3144135008', 'LINAGALVAN2034@GMAIL.COM', 1, 9, 'DGZ070'),
	(125, '80271549', 'HERNAN LEON CALDERON', NULL, 'AV 4E #12-85 VENTURA RESERVADO', '3134074495', 'PLANETAREEBOK_07@HOTMAIL.COM', 1, 9, 'DCH350'),
	(126, '88268562', 'LEONARDO MONROY', NULL, 'CLL 15 #2-89 GARCIA HERREROS', '3211416244', 'LEOMONROY_03@HOTMAIL.COM', 1, 9, 'AB569HV'),
	(127, '88225683', 'WILLIAM ESTEVEZ', NULL, '', '3176800972', '', 1, 9, 'EHP404'),
	(128, '128', 'ADRIAN TISOIT', NULL, NULL, '3107983542', NULL, 1, 1, 'AH747YK'),
	(129, '1093747722', 'MAIRA CAROLINA HERNANDEZ REYES', NULL, 'CONJUNTO CERRADO VEGAS DEL RIO ', '3124502230', '', 1, 9, 'JFQ422'),
	(130, '60388715', 'CLAUDIA MEDINA', NULL, 'CLL 8 #6A-04 PRADOS DEL ESTE ', '3208533861', '', 1, 9, 'MIO582'),
	(131, '88153829', 'ANGEL SAID MADARIAGA REYES', NULL, 'CLL 10 #6-75 CENTRO', '3105794277', 'ANGELSTYLE2012@HOTMAIL.COM', 1, 9, 'DXM476'),
	(132, '13199271', 'JESUS ALBEIRO RODRIGUEZ', NULL, 'CONJUNTO CERRADO ESTACION DEL ESTE CASA ', '3208527280', '', 1, 9, 'EHO965'),
	(133, '88224351', 'JAVIER ALEXANDER GARCIA SUESCUN', '2019-10-07', 'LOCAL 1166', '5833679', '', 1, 15, 'MIT579'),
	(134, '37229630', 'ROSA MELIDA JAIMES', NULL, 'CLL 0 #11E-103 QUINTA ORIENTAL ', '3502465999', 'ADRIANABECERRAT@HOTMAIL.COM', 1, 9, 'KHM697'),
	(135, '60353373', 'ANA RUTH JIMENEZ', NULL, '', '3156781865', '', 1, 15, 'UDX267'),
	(136, '2649961', 'ANDRES CACERES', NULL, 'CLL 13 #7-61 CENTRO', '3228721650', '', 1, 15, 'FRQ115'),
	(137, '1093752497', 'JORGE MONROY', NULL, NULL, '3178210663', NULL, 1, 1, 'AK595RA'),
	(138, '1093773489', 'DILAN LEONARDO ESTEVEZ JIMENEZ', NULL, 'CLL 6-89 L. 2-067', '3156781865', 'DILANESTEVEZ1104@GMAIL.COM', 1, 9, 'DGZ216'),
	(139, '13474689', 'HECTOR ELADIO CELY SOLER', NULL, 'AV 6 #2-32 DOÑA NIDIA', '3167714406', '', 1, 9, 'KHM629'),
	(140, '37293393', 'TATIANA ESTUPIÑAN RAMIREZ', NULL, 'CENTRO COMERCIAL OITI L. 3-073', '3176586496', 'TATIANADELTA11@GMAIL.COM', 1, 9, 'HRP969'),
	(141, '1090432054', 'ROMAN ALFONSO BARCO O.', NULL, 'CALLE 23 Nro 2-57. BARRIO OSPINA PEREZ', '3123949239', 'ROMANBARCO399@GMAIL.COM', 1, 9, 'AA587BP'),
	(142, '60350442', 'ROSA DELIA MESA', NULL, 'CLL 3N #0-AE-84 CAPELLANA', '3164677633', 'mrosadel@yahoo.com', 1, 9, 'HRM984'),
	(143, '1090481148', 'DAYANA MARIA GONZALES SALCEDO', NULL, NULL, '3213352210', NULL, 1, 1, 'FRQ015'),
	(144, '601319214', 'ELIZAID SALCEDO', NULL, 'CENTRO COMERCIAL OITI L-2-073', '3187546410', '', 1, 9, 'HRP606'),
	(145, '16889447', 'JOSE ALIRIO NIÑO', NULL, 'MZN 27 LT11 CLARET', '3163153905', '', 1, 9, 'HRP242'),
	(146, '60345822', 'SANDRA PRADO', '2019-10-07', 'CONJUNTO CERRADO CALLEJAS DEL ESTE D', '3158729330', 'SAANDRILEI@HOTMAIL.COM', 1, 15, 'MIO085'),
	(147, '71577308', 'NELSON GOMEZ', NULL, 'DIAGONAL 16 #4A-20 TERCERA ETAPA TIERRA LINDA', '3123251999', '', 1, 9, 'AB760WS'),
	(148, '1090463769', 'YEISON RODRIGUEZ', '2019-10-07', 'AV 18C #23-01 BARRIO GALAN ', '3228558732', 'YE_YO1993@HOTMAIL.COM', 2, 10, 'HRS370'),
	(149, '60386588', 'OMAIRA HERNANDEZ', '2019-10-06', 'CLL 7B ·#12-90 SAN MIGUEL ', '3105514664', '', 2, 15, 'DGZ543'),
	(150, '28239160', 'MARLENY MENDEZ', NULL, 'CONJUNTO VERSALLEZ #1-39 ', '3112326107', 'MARLENYDUGAR@HOTMAIL.COM', 1, 9, 'JFR079'),
	(151, '88261682', 'GERMAN ESTEVEZ', NULL, NULL, '', NULL, 1, 1, 'JGZ072'),
	(152, '60316028', 'ALIX AVILA', NULL, 'AV 5 #10-46 BARRIO SAN LUIS', '3188473391', 'NANCYAVILANOVA@HOTMAIL.COM', 1, 9, 'JAL36N'),
	(153, '1093793161', 'JANNER SILVA', NULL, 'CONDOMINIO LIMONAR ALTO CASA G8 LOS PATIOS', '3184937213', 'JANNERSILVA1221@HOTMAIL.COM', 1, 9, 'MTS487'),
	(154, '154', 'GABRIEL DIAZ', NULL, NULL, '', NULL, 1, 1, 'PMA755'),
	(155, '88224272', 'MARTIN GOMEZ', '2019-10-06', 'AV 13A #5-24 ', '3212157087', '', 1, 15, 'TAL05A'),
	(156, '13842168', 'JESUS HARVEY GOMEZ', '2019-10-07', 'SIERRA NEVADA ', '3044312566', '', 1, 15, 'DMO188'),
	(157, '5426675', 'EDUARDO CARVAJALINO', NULL, 'CLL 14 #4-51 MOTILONES ', '3123145427', 'JOHAN.SPORT@HOTMAIL.COM', 1, 9, 'IAN18L'),
	(158, '1140415174', 'ANDREA CAROLINA FARES BASQUES', NULL, 'AV 5E PARQUE SAYAGO', '3186962748', '', 2, 15, 'AA710DB'),
	(159, '1090393134', 'SAID GONZALO RODRIGUEZ', NULL, 'CALLE 22A 65-35 EL PROGRESO', '3156160203', 'CALZADO_SIOMH@HOTMAIL.COM', 2, 9, 'CUZ051'),
	(160, '88237538', 'VICTOR CACERES CASTRILLON', NULL, 'CLL 22 #11-54 ALFONSO LOPEZ', '3112022548', 'ENYER1576@HOTMAIL.COM', 2, 9, 'AFR90U'),
	(161, '161', 'JOSE ALBERTO GUEVARA', NULL, NULL, '', NULL, 2, 1, ''),
	(162, '162', 'JOSE FARES', NULL, NULL, '', NULL, 2, 1, 'AC875UM'),
	(163, '88225980', 'CARLOS ARMANDO MOJICA PEÑA', NULL, NULL, '3138104803', NULL, 2, 1, 'AC1565V'),
	(164, '1093790444', 'VIVIANA ESCALANTE BOTELLO', NULL, NULL, '3212308589', NULL, 2, 1, 'FRQ449 '),
	(165, '109480299', 'YAN FRANCO', NULL, 'VILLA DE R, TAMARINDO CONTEMPORANEO MZN F C15', '3008421570', 'YANFRANCO1706@GMAIL.COM', 1, 15, 'AB3992K'),
	(166, '1093780443', 'ANDERSON GARCIA', NULL, 'CLL 1 #3-37 COMUNEROS', '3166362110', 'ASGARCIA34@MISENA.EDU.CO', 2, 9, 'RDM911'),
	(167, '13448763', 'ALFONSO VELANDIA', '2019-10-07', 'AV 7 #10-72 OFICINA 208', '5715222', 'CONFECCIONESPAPRES@YAHOO.COM', 2, 15, 'AA299PL'),
	(168, '27579066', 'GLORIA CECILIA BLANCO', NULL, NULL, '', NULL, 2, 1, 'HRN360'),
	(169, '13454969', 'CARLOS ARTURO PEÑALOZA', NULL, 'AV 6 #10-10 CENTRO', '313979398', 'TRISTON@HOTMAIL.COM', 2, 9, 'AA735SU'),
	(170, '1036678042', 'DANIEL ALEXIS ORTIZ VANEGAS', NULL, NULL, '3102850224', NULL, 2, 1, 'ADO72PK'),
	(171, '88230302', 'JUAN CARLOS JACOME PEDROZA', NULL, 'CASA 30 CONJUNTO CERRADO PALMA DORADA VILLA DEL R', '3143060170', 'YACOMEMORINELLI11@GMAIL.COM', 2, 9, 'AC307HP'),
	(172, '60308406', 'OTILIA RAMIREZ QUINTERO', NULL, 'CLL 0AN #1E-77 QUINTA BOSH', '3022655579', 'VIENNET18@GMAIL.COM', 1, 9, 'KAZ689'),
	(173, '88203149', 'HUMBERTO ACOSTA MANTILLA', NULL, 'AV 6 #12-59 MOTILONES', '3115288386', 'ACOSTAHUMBERTO972@GMAIL.COM', 2, 9, 'CQE710'),
	(174, '1127048217', 'FREDY PINEDA', NULL, 'CONJUNTO BONAIRE TORRE 3 APTO 704', '3046394888', 'FREDYPINEDA27@HOTMAIL.COM', 1, 9, 'CWN139'),
	(175, '1093793500', 'DANIELA VILLAMIZAR SARMIENTO', '2019-12-10', 'Prueba', '3222196530', 'yancarlo1206@gmail.com', 2, 2, 'AF472LU'),
	(176, '1094269139', 'MANUEL ANDRES JAIMES', NULL, NULL, '3118715402', NULL, 2, 1, 'MSM689'),
	(177, '88207680', 'JAVIER ORLANDO MOLINA MALDONADO', NULL, 'AV 7 #10-72 OFICINA 304 CENTRO', '3154914327', '', 2, 9, 'JGX812'),
	(178, '88288847', 'ORLANDO GUERRERO DURAN', NULL, 'AV 6 #9-74 CENTRO', '3124542704', 'DURANGO750@HOTMAIL.COM', 2, 9, 'AC405HS'),
	(179, '1127044981', 'NINFA SOLVEY MORALES RINCON', '2019-10-07', 'CLL 5 #11-27 SAN MARTIN ', '3128160972', 'SOLVEYMORALES@GMAIL.COM', 2, 15, 'AA578Y'),
	(180, '1018441474', 'ALVARO UYOLA', NULL, NULL, '3007185530', NULL, 2, 1, 'JHR407'),
	(181, '181', 'COOPSERCIVICOS ING SENSORES', NULL, NULL, '', NULL, 2, 1, 'AC005DS'),
	(182, '1090434538', 'JHON A. GONZALEZ', NULL, NULL, '3004456820', NULL, 2, 1, 'CRL368'),
	(183, '1090523500', 'DENNIS NATALIA ROA', '2019-10-07', 'CLL 24 #2-23 AEROPUERTO ', '3124032468', '', 2, 15, 'HRO945'),
	(184, '1090396700', 'LUIS ANTONIO GAYON', NULL, 'AV 9 #2-15 EL ROSAL', '3202301109', 'LOUIS19@HOTMAIL.ES', 2, 9, 'MIT373'),
	(185, '88212700', 'ROLANDO DUARTE', '2019-10-07', 'CLL 7 #19-83 SAN MIGUEL ', '3215815457', '', 2, 15, 'FLI819'),
	(186, '60385823', 'YUDDY MILENA QUINTERO', '2019-10-07', 'CLL 30 #1-140 RENITUD ', '3214227149', '', 2, 15, 'HRP109'),
	(187, '74242239', 'EDUARDO GUIZA CARDENAS', NULL, 'CLL 19N #17E-35 URBANIZACION GALICIAS.', '3202329025', 'MONODIAZ@YAHOO.ES', 2, 15, 'JFR464'),
	(188, '1035860975', 'JEFREY ORTIZ', NULL, 'MANZANA F LT6 CASA4 VILLA PAOLA', '3127979624', 'SNEY_92@HOTMAIL.COM', 2, 9, 'PEC78B'),
	(189, '1093751213', 'JENNIFER ESTEVEZ', '2019-10-07', 'AV 0 #1-119 EL NOGAL CASA A3 PRADOS DEL ESTE ', '3175388502', '', 2, 15, 'IGT601'),
	(190, '1090469514', 'JOSE MIGUEL YAÑEZ', '2019-10-07', 'CLL 7N #7E-149 CASA 2 ', '3003139779', '', 2, 15, 'FGN046'),
	(191, '1090458041', 'MARIA FERNANDA AYALA', NULL, NULL, '3118408483', NULL, 2, 1, 'UB278P'),
	(192, '37294685', 'NOHORA SERRANO', '2019-10-07', 'AV 10 #53-23 LA FLORESTA ', '3142708222', '', 2, 15, 'MIT889'),
	(193, '1005068857', 'WILMER CONTRERAS', NULL, NULL, '3138923050', NULL, 2, 1, 'AC873BD'),
	(194, '13373055', 'JOSE DINAEL JACOME CARRASCAL', NULL, 'CLL 3AN #0AE-138 CASTELLANA ', '3115325815', 'JOSDIN@HOTMAIL.COM', 2, 9, 'AB513JS'),
	(195, '1090364876', 'DIEGO ALEJANDRO ARROYAVE', NULL, 'AV 6 #14-70 CENTRO', '3116576995', '', 1, 9, 'FGN688'),
	(196, '196', 'CARLOS JULIO LEON', NULL, NULL, '3177399248', NULL, 2, 1, 'CUX357'),
	(197, '60360167', 'YOLAIDA BECERRA', '2019-10-07', 'AV 7 #10-64 CENTRO', '3208858454', '', 2, 15, 'CWK166'),
	(198, '198', 'ANA ELIZABETH MORENO', NULL, NULL, '3153812308', NULL, 2, 1, 'DML547'),
	(199, '1092364037', 'ANGIE CONTRERAS', NULL, 'CLL 10 #1-14 MOTILONES', '3224759764', '', 1, 15, 'HRQ150'),
	(200, '1090490500', 'BREYNER FERNANDO CONTRERAS QUINTERO', NULL, NULL, '3144314743', NULL, 2, 1, 'CWL860'),
	(201, '1092356597', 'ANGIE VANESA VALENCIA FUENTES', NULL, 'CLL 2A #12-46 BARRIO SAN MARTIN', '3108728082', 'NJ_WANKEY@HOTMAIL.COM', 2, 9, 'RCP780'),
	(202, '60436737', 'ALBA JUDITH CALDERON', '2019-10-07', 'CLL 9AN #2-32 EL BOSQUE ', '3124322493', 'CREACIONESALBAJUDITH@GMAIL.COM', 2, 15, 'UDX214'),
	(203, '1090386693', 'RICHARD GALVIS', NULL, 'AV 5 #4-61 OLINOS DEL NORTE ', '3103402851', 'ING.RICHARDGALVISM@OUTLOOK.COM', 2, 9, 'AC524FA'),
	(204, '13462876', 'REINALDO CELY SOLER', NULL, 'CLL 9AN #3-34 EL BOSQUE', '3124823622', 'CELYJOSE3@GMAIL.COM', 1, 9, 'JGY090'),
	(205, '205', 'FARID FARES', NULL, NULL, '', NULL, 2, 1, 'AE239JM'),
	(206, '13214518', 'GILBERTO DURAN', NULL, NULL, '', NULL, 2, 1, 'AA537JE'),
	(207, '13275849', 'REINALDO RAMIREZ VILLAMIZAR', NULL, 'CLL 6 #8-60 TORRES DEL ESTE ', '3175007983', 'JOSEREINALDORV@HOTMAIL.COM', 2, 9, 'DOK893'),
	(208, '88253965', 'JOSE DANIEL VERA', NULL, NULL, '3008958351', NULL, 2, 1, 'EHQ271'),
	(209, '1093790165', 'DUVAN ERNESTO CASTILLO VALENCIA', NULL, 'AV 4 #18N-53CONJUNTO CERRADO LOS FRAILEJONES ', '3132043132', 'DUVANCASTILLO19@GMAIL.COM', 1, 15, 'JGX766'),
	(210, '1090452804', 'RUBY GALVES', NULL, 'TORRES DE CLARET #6 APTO 203', '3228717151', 'GALVESRUBY767@GMAIL.COM', 2, 9, 'HRR578'),
	(211, '1127062138', 'DIOMER COLONIA', NULL, NULL, '3142949337', NULL, 2, 1, 'AB917DA'),
	(212, '1093748587', 'MEDARDO RIVERA', NULL, 'AV 9 #14-84 BARRIO 11 DE NOVIEMBRE', '3204398086', 'MERA.SANCHEZ36@YAHOO.ES', 2, 9, 'AC856UF'),
	(213, '37271039', 'CLAUDIA URIBE MEJA', NULL, 'cll 6 an 1AE-48 CEIBA 2', '3133901803', 'GERARDOURIBE80@OUTLOOK.ES', 2, 9, 'MIT059'),
	(214, '60258288', 'CARMEN MARLENY VILLAMIZAR', '2019-10-07', 'CLL 61 #7-18 VILLA DE ALTAMIRA LOS PATIOS', '3162240215', '', 2, 15, 'CUZ431'),
	(215, '13445255', 'CARLOS JULIO ORTIZ', '2019-10-07', 'CLL 10 #5-50 OFICINA 501 AGROBANCARIO ', '3107741381', '', 2, 15, 'HRN245'),
	(216, '13497456', 'FERNANDO LEON', NULL, 'AV 6 #10-20 OFICINA 201', '3123509889', 'COOPSERCIVICOS@YAHOO.ES', 2, 9, 'AI424CA'),
	(217, '88201996', 'JORGE FIDEL RODRIGUEZ BAUTISTA', NULL, 'CLL 6N #6E-91 CEIBA 2', '3118160057', '', 2, 9, 'RZZ856'),
	(218, '1093786929', 'IVANA CONTRERAS', NULL, NULL, '3045618672', NULL, 2, 1, 'EHQ285'),
	(219, '79308310', 'JAIRO MARTINEZ', NULL, 'AV 7 #2-14 BILLA UNION ', '3147538511', '', 2, 9, 'AB114UD'),
	(220, '88249681', 'JORGE PULIDO', NULL, NULL, '3165332658', NULL, 2, 1, 'KHF595'),
	(221, '13279781', 'OSWALDO BARON', NULL, 'CLL 8N #3E-71 CEIBA 2', '3209001952', 'OSWALDOBARON5@GMAIL.COM', 2, 9, 'AB161ZM'),
	(222, '13389085', 'LUIS ORLANDO SUAREZ', NULL, 'AV 22 20-15 MAGDALENA', '3213062197', '', 1, 9, 'AA237EG'),
	(223, '223', 'ANDRES DAVID VALENCIA', NULL, NULL, '', NULL, 2, 1, 'AG226AA'),
	(224, '1004997273', 'ANTHONI GUERRA', '2019-10-01', 'CLL 7 #17B-36 ANIVERSARIO ', '3507969112', '', 2, 15, 'CRL889'),
	(225, '1090433463', 'JAIRO ARENAS', '2019-10-07', 'AV 22 #11-25 CUNDINAMARCA ', '3116475388', '', 2, 15, 'AC708DR'),
	(226, '4120566', 'SALVADOR GOMEZ', NULL, 'MZN 42 LT3 CLARET ', '312510962', 'JUANAG_96@HOTMAIL.COM', 2, 9, 'SAB57B'),
	(227, '1090473769', 'JEISSON RODRIGUEZ', NULL, NULL, '3228558732', NULL, 2, 1, 'SRQ401'),
	(228, '37441998', 'YULIANA PAEZ', '2019-10-07', 'ED. MILANO APTO 806 LA FLORESTA LOS PATIOS ', '3003461481', '', 2, 15, 'HRN417'),
	(229, '1090445686', 'JESUS ANDRES PINZON TORRADO', NULL, 'DIAGONAL 13E #15R-80 ZULIMA', '3004175534', 'ANDRESPINZON0911@GMAIL.COM', 2, 9, 'AC723ME'),
	(230, '230', 'COOPSERCIVICOS LTDA', NULL, 'AV 6 #10-24 OFICINA 202', '5729832', 'FERCHOGUEVARA13@HOTMAIL.COM', 2, 15, 'AC005DS'),
	(231, '231', 'SERGIO AREVALO', NULL, NULL, '', NULL, 2, 1, 'AD832AA'),
	(232, '13501648', 'ANIBAL MORA', NULL, NULL, '3115997343', NULL, 2, 1, 'KHM834'),
	(233, '60398591', 'FABIOLA ROBLES', NULL, 'CLL 25 #5-64 PATIO CENTRO ', '3114798481', 'FABYROG_04@HOTMAIL.COM', 2, 9, 'KHM601'),
	(234, '1005023642', 'JAIR ANDRES CARRILLO', NULL, NULL, '3208493459', NULL, 2, 1, 'FRQ458'),
	(235, '1037580783', 'IVAN ZAPATA', NULL, NULL, '3177195300', NULL, 2, 1, 'ICZ536'),
	(236, '236', 'GERMAN ALONSO RESTREPO', NULL, NULL, '', NULL, 2, 1, 'EIK948'),
	(237, '1094164537', 'ELIA JOANA ANGARITA MORENO', NULL, NULL, '', NULL, 2, 1, 'EHP374'),
	(238, '1090408577', 'VICTOR ALFONSO QUIÑONEZ ORTIZ', NULL, 'CLL 12 #1-02 MOTILONES', '3113016609', 'VICTORQUINONEZ28@HOTMAIL.COM', 2, 9, 'HRP117'),
	(239, '603914392', 'YOLIMA PEREZ', NULL, NULL, '3012486090', NULL, 2, 1, 'CRL131'),
	(240, '1090493677', 'LUIS JOSE HERNANDEZ', NULL, 'MZN 44 LT 5 CLARET', '3122933548', 'DARLING_DJSC_@HOTMAIL.COM', 2, 9, 'AF512DM'),
	(241, '241', 'JHON BUENO', NULL, NULL, '3155166343', NULL, 2, 1, 'FBE81W'),
	(242, '1019069239', 'OMAR EDUARDO URBINA MANCHOLA', NULL, 'AV 5 #1A-32 TORRE 2 8-05', '3219993046', 'URAMO_2@HOTMAIL.COM', 2, 9, 'JFR313'),
	(243, '243', 'CARLOS LONDOÑO', NULL, NULL, '', NULL, 2, 1, 'NMIP748'),
	(244, '244', 'MAIRA ESCALANTE', NULL, NULL, '', NULL, 2, 1, 'DMM323'),
	(245, '37398934', 'JADARMI SUAREZ', '2019-10-07', 'CLL 10 AV9 #9-08 CECI', '3213041358', 'YANITZAJULIETH@GMAIL.COM', 2, 15, 'AG989LA'),
	(246, '1093762931', 'YOSELIN HERNANDEZ', '2019-10-06', 'CONJUNTO CERRADO LA FLORIDA CASA 304 BOCONO', '3176593442', 'YOSELINHBEZ@HOTMAIL.COM', 2, 15, 'FRQ145'),
	(247, '1093747821', 'MARIO RAMIREZ', NULL, 'DIAGONAL SANTANDER 5-46 ', '3203257177', 'MARIORAMIREZ.IE@HOTMAIL.COM', 2, 15, 'AD073MA'),
	(248, '1038108011', 'ANA CECILIA SEPULVEDA SERNA', NULL, 'TORRES DE PORTACHUELO T2 APTO 303 ', '3175645926', 'DAJSEPULVEDA@HOTMAIL.COM', 2, 9, 'AB055HW'),
	(249, '37394586', 'LUZ JACKELIN VALENCIA', NULL, 'CLL 6 #11-81 URBANIZACION SAN MARTIN', '3104201537', 'KENDO_527@HOTMAIL.COM', 1, 9, 'AB434XP'),
	(250, '13496273', 'ALVARO IBARRA', NULL, 'AV 23 #27-21 SANTANDER ', '3224105387', 'ISRAEL3311@HOTMAIL.COM', 2, 9, 'AC809DA'),
	(251, '251', 'YANETH SERRANO RINCON', NULL, NULL, '3167433660', NULL, 2, 1, 'HRM955'),
	(252, '1099515337', 'NEIDER GALVAN', NULL, 'AV 16 #24-40 ALFONSO LOPEZ', '3023261596', 'ALEXISNEIDER5@GMAIL.COM', 2, 9, 'FRQ171'),
	(253, '1090412462', 'TATIANA HERNANDEZ', '2019-10-07', 'CLL 10 #6-20 OF 903 ED DACCACH ', '3214061891', '', 2, 15, 'FRQ601'),
	(254, '1064837655', 'ZARETH URIBE MARTINEZ', NULL, 'CONJUNTO CERRADCO VICENTENARIO ', '3046340259', '', 2, 9, 'HRS167'),
	(255, '255', '', NULL, NULL, '', NULL, 2, 1, 'AB3992K'),
	(256, '1127943314', 'CESAR LEZAMA', '2019-10-07', 'CLL 10 #3-06 BARRIO VILLA ANTIGUA ', '3124205894', 'C2013LEZ@GMAIL.COM', 2, 15, 'JGY570'),
	(257, '257', 'FRANCISCO DIAZ', NULL, NULL, '', NULL, 2, 1, ''),
	(258, '258', 'YESENIA MENDOZA ', NULL, NULL, '', NULL, 2, 1, ''),
	(259, '259', 'JAIRO CACERES', NULL, NULL, '', NULL, 2, 1, ''),
	(260, '260', 'ANGELO TORRADO', NULL, NULL, '', NULL, 2, 1, ''),
	(261, '261', 'JESUS GARCIA', NULL, NULL, '', NULL, 2, 1, ''),
	(262, '262', 'YOVANI QUINTERO', '2019-10-05', NULL, '', NULL, 2, 1, ''),
	(263, '1093793500', 'DANIELA VILLAMIZAR', '2019-12-12', '1234', '15236', '123622@HOTMAIL.COM', 3, 9, NULL),
	(264, '13275849', 'JOSE REINALDO RAMIREZ', NULL, 'CALLE 6 #8-60 TORRES DEL ESTE', '3175007983', 'JOSEREINALDORV@HOTMAIL.COM', 2, 9, NULL),
	(265, '1092341959', 'ANGELICA VALENCIA', NULL, 'PRADOS DEL ESTE CONDOMINIO BONAIRES TOR 3 APTO101', '3123933337', 'ANGELICAVALENCIAFUENTES@HOTMAIL.COM', 2, 9, NULL),
	(266, '13275960', 'FRANKLIN CHINCHILLA', NULL, 'MANZANA Z4 LT20 TORCOROMA 3', '3102463163', 'ANNIEVALE012011@GMAIL.COM', 1, 9, NULL),
	(267, '13271473', 'SERGIO DURAN', NULL, 'CLL 22 #7A-10 SANTO DOMINGO ', '3102354710', '', 2, 9, NULL),
	(268, '1093754210', ' CARLOS URIBE', NULL, 'TORRE 21 #604 RESERVAS DE SAN LUIS ', '3212846236', 'EDWAR10_07@HOTMAIL.COM', 1, 9, NULL),
	(269, '88243036', 'JESUS AREVALO ', NULL, 'MZN G3 LT 20 ATALAYA PRIMERA ETAPA', '3115109219', 'JESUSAREVALOYURID2019@HOTMAIL.COM', 1, 9, NULL),
	(270, '88234333', 'OSCAR JAIMES', NULL, 'CLL 6 #6-86 PRADOS DEL ESTE ', '3142738838', 'KATHE_29_2@HOTMAIL.COM', 1, 9, NULL),
	(271, '1033749214', 'JENNIFER GONSALEZ', NULL, 'AV 2 #22-08 OSPINA PEREZ', '3222671077', 'ALEXSANDER3241@GMAIL.COM', 1, 9, NULL),
	(272, '1090431666', 'DAVID HERNANDEZ ', NULL, 'AV 23 #10-92 CUNDINAMARCA ', '3114510333', 'HERNANDEZDUARTE@GMAIL.COM', 2, 9, NULL),
	(273, '1092358171', 'JENNIFER SANDOVAL', NULL, 'CLL 9-78 GRAMALOTE ', '3184533517', '', 2, 9, NULL),
	(274, '60376063', 'MAYRA ESCALANTE', NULL, 'MANZANA 4 LOTE 5. CLARET', '3508072819', 'MAYRAESCALANTE4@HOTMAIL.COM', 1, 9, NULL),
	(275, '1005025150', 'WILLIAM ANDRES ESTEVEZ', NULL, '', '3156781865', '', 1, 15, NULL),
	(276, '1090407124', 'WILMER TORRES', NULL, 'CLL 7 N 10-25 Cesi', '3108027700', 'wilmertorres840@gmail.com', 5, 2, NULL),
	(277, '37393639', 'ROCIO PEÑARANDA', NULL, 'CLL 29 #6-12 BUENOS AIRES', '3222184498', '', 5, 15, NULL),
	(278, '1090421841', 'JAVIER PACHECO', NULL, 'AV 12 #8-05 EL LLANO CA14', '3186940766', 'KLINSMAN_2005@HOTMAIL.COM', 2, 15, NULL),
	(280, '1148212625', 'NEILA BRISEÑO', '2019-10-07', 'URBANIZACION PINTES CASA B6 ROSARIO', '3185835525', '', 2, 15, 'FCW999'),
	(281, '88250471', 'HERNAN GELVEZ', '2019-10-07', 'URBANIZACION EL RECREO ', '3204997848', 'HERNAN19812@GMAIL.COM', 2, 15, 'HBT80E'),
	(282, '1090459763', 'KARIME  BARCO 2', '2019-10-07', 'CLL 2 #1-16 MOTILONES', '3104824264', '', 1, 15, ''),
	(283, '5794969', 'ROBERTO PLATA GOMEZ ', '2019-10-07', 'CLL 7 #10E-30 ', '3158757979', 'PLATAROBERTO@YAHOO.COM', 5, 15, 'BUW827-CPZ536'),
	(284, '88254435', 'FREDY LOPEZ', '2019-10-07', 'AV 19 #8-25 SAN MIGUEL', '3507776789', 'FREDDYLPN9@GMAIL.COM', 2, 15, 'HWG70E'),
	(285, '1090434802', 'CRISTIAN FABIAN ESTEVEZ', '2019-10-07', 'CENTRO COMERCIAL OITI LOCAL 2.019', '3182283566', '', 1, 15, 'HRR430'),
	(286, '1005042754', 'FABIAN PATIÑO', '2019-10-07', 'PARQUE DE BOLIVAR TORRE 6 APTO 504', '3123772490', 'FP01302000@HOTMAIL.COM', 2, 15, 'TGK91D');
/*!40000 ALTER TABLE `cliente` ENABLE KEYS */;

-- Volcando estructura para tabla deparqueo_bd.ingreso
CREATE TABLE IF NOT EXISTS `ingreso` (
  `id` int(11) NOT NULL AUTO_INCREMENT,
  `tipo` int(11) DEFAULT NULL,
  `fecha` date DEFAULT NULL,
  `fechaingreso` datetime DEFAULT NULL,
  `fechasalida` datetime DEFAULT NULL,
  `numero` varchar(12) COLLATE utf8_spanish_ci DEFAULT NULL COMMENT 'Almacena el numero o identificacion del ticket para el codigo de barra',
  `dia` int(11) DEFAULT NULL,
  PRIMARY KEY (`id`),
  KEY `IXFK_ingreso_tipovehiculo` (`tipo`),
  CONSTRAINT `FK_ingreso_tipovehiculo` FOREIGN KEY (`tipo`) REFERENCES `tipovehiculo` (`id`)
) ENGINE=InnoDB AUTO_INCREMENT=1157 DEFAULT CHARSET=utf8 COLLATE=utf8_spanish_ci COMMENT='Almacena la informaci?n de los ingresos al uso del parqueadero por parte de los vehiculos.';

-- Volcando datos para la tabla deparqueo_bd.ingreso: ~1.144 rows (aproximadamente)
/*!40000 ALTER TABLE `ingreso` DISABLE KEYS */;
INSERT INTO `ingreso` (`id`, `tipo`, `fecha`, `fechaingreso`, `fechasalida`, `numero`, `dia`) VALUES
	(2, 1, NULL, '2019-06-20 19:43:22', NULL, '463', NULL),
	(3, 1, NULL, '2019-06-19 21:43:27', NULL, '824', NULL),
	(4, 1, NULL, '2019-06-19 21:44:03', NULL, '736', NULL),
	(5, 1, NULL, '2019-06-19 21:44:34', NULL, '731', NULL),
	(6, 1, NULL, '2019-06-19 21:45:04', NULL, '759', NULL),
	(7, 2, NULL, '2019-06-19 21:46:32', NULL, '206', NULL),
	(8, 2, NULL, '2019-06-19 21:58:37', '2019-06-24 18:56:10', '689', NULL),
	(9, 1, NULL, '2019-06-22 22:08:09', NULL, NULL, NULL),
	(10, 1, NULL, '2019-06-22 22:08:47', '2019-06-30 19:54:03', NULL, NULL),
	(11, 1, NULL, '2019-06-24 11:22:56', '2019-06-24 11:42:45', '812', NULL),
	(12, 1, NULL, '2019-06-30 12:58:06', '2019-06-30 19:41:56', '547', NULL),
	(13, 1, NULL, '2019-07-17 18:20:44', NULL, '712', NULL),
	(14, 1, NULL, '2019-08-29 20:00:54', NULL, '932', NULL),
	(15, 3, NULL, '2019-08-28 22:29:53', '2019-08-28 22:44:05', '127', NULL),
	(16, 1, NULL, '2019-08-28 22:14:58', NULL, 'AUT290819002', NULL),
	(24, 3, '2019-08-29', '2019-08-29 22:35:15', NULL, 'BIC290819001', NULL),
	(25, 2, '2019-08-29', '2019-08-29 22:35:25', NULL, 'MOT290819002', NULL),
	(26, 1, '2019-08-29', '2019-08-29 22:35:28', NULL, 'AUT290819003', NULL),
	(27, 1, '2019-08-30', '2019-08-30 20:23:03', NULL, 'AUT300819001', NULL),
	(28, 2, '2019-08-30', '2019-08-30 21:57:15', '2019-08-30 22:48:44', 'MOT300819002', NULL),
	(29, 1, '2019-08-30', '2019-08-30 22:31:33', NULL, 'AUT300819003', NULL),
	(30, 1, '2019-08-30', '2019-08-30 22:31:43', NULL, 'AUT300819004', NULL),
	(35, 1, '2019-08-31', '2019-08-31 11:48:44', '2019-08-31 11:55:40', NULL, NULL),
	(36, 1, '2019-08-31', '2019-08-31 11:48:54', '2019-08-31 11:55:55', NULL, NULL),
	(37, 2, '2019-08-31', '2019-08-31 11:49:11', '2019-08-31 11:59:43', 'MOT310819003', NULL),
	(38, 1, '2019-08-31', '2019-08-31 11:49:22', '2019-08-31 11:59:59', 'AUT310819004', NULL),
	(39, 1, '2019-08-31', '2019-08-31 12:47:23', NULL, 'AUT310819005', NULL),
	(40, 1, '2019-08-31', '2019-08-31 13:07:19', '2019-08-31 13:59:03', NULL, NULL),
	(41, 1, '2019-08-31', '2019-08-31 13:19:37', NULL, 'AUT310819007', NULL),
	(42, 1, '2019-08-31', '2019-08-31 13:22:12', NULL, 'AUT310819008', NULL),
	(43, 1, '2019-08-31', '2019-08-31 13:22:52', NULL, 'AUT310819009', NULL),
	(44, 1, '2019-08-31', '2019-08-31 13:29:19', '2019-09-03 00:00:00', NULL, NULL),
	(45, 1, '2019-08-31', '2019-08-31 13:32:38', '2019-08-31 14:12:21', NULL, NULL),
	(46, 1, '2019-08-31', '2019-08-31 13:36:35', NULL, 'AUT310819012', NULL),
	(47, 1, '2019-08-31', '2019-08-31 13:40:29', NULL, 'AUT310819013', NULL),
	(48, 2, '2019-08-31', '2019-08-31 13:56:38', NULL, 'MOT310819014', NULL),
	(49, 1, '2019-08-31', '2019-08-31 14:02:41', '2019-08-31 14:02:57', NULL, NULL),
	(50, 1, '2019-08-31', '2019-08-31 15:55:30', NULL, 'AUT310819016', NULL),
	(51, 1, '2019-09-04', '2019-09-04 15:05:48', NULL, 'AUT040919001', NULL),
	(52, 2, '2019-09-04', '2019-09-04 15:05:50', NULL, 'MOT040919002', NULL),
	(53, 3, '2019-09-04', '2019-09-04 15:05:53', NULL, 'BIC040919003', NULL),
	(54, 1, '2019-09-04', '2019-09-04 15:05:55', NULL, 'AUT040919004', NULL),
	(55, 2, '2019-09-04', '2019-09-04 15:05:57', NULL, 'MOT040919005', NULL),
	(56, 3, '2019-09-04', '2019-09-04 15:06:01', NULL, 'BIC040919006', NULL),
	(57, 1, '2019-09-04', '2019-09-04 16:39:43', '2019-09-10 00:00:00', NULL, NULL),
	(58, 1, '2019-09-05', '2019-09-05 07:33:25', NULL, 'AUT050919001', NULL),
	(59, 2, '2019-09-05', '2019-09-05 07:33:27', NULL, 'MOT050919002', NULL),
	(60, 3, '2019-09-05', '2019-09-05 07:33:29', NULL, 'BIC050919003', NULL),
	(61, 1, '2019-09-13', '2019-09-13 21:14:23', NULL, 'AUT130919001', NULL),
	(62, 2, '2019-09-13', '2019-09-13 21:14:26', NULL, 'MOT130919002', NULL),
	(63, 3, '2019-09-13', '2019-09-13 21:14:28', NULL, 'BIC130919003', NULL),
	(64, 2, '2019-09-13', '2019-09-13 21:14:31', NULL, 'MOT130919004', NULL),
	(65, 1, '2019-09-13', '2019-09-13 21:14:33', NULL, 'AUT130919005', NULL),
	(66, 1, '2019-09-14', '2019-09-14 07:12:06', NULL, 'AUT140919001', NULL),
	(67, 2, '2019-09-14', '2019-09-14 07:12:08', NULL, 'MOT140919002', NULL),
	(68, 1, '2019-09-15', '2019-09-15 19:37:33', NULL, 'AUT150919001', NULL),
	(69, 2, '2019-09-15', '2019-09-15 19:37:40', NULL, 'MOT150919002', NULL),
	(70, 3, '2019-09-15', '2019-09-15 19:37:42', NULL, 'BIC150919003', NULL),
	(71, 1, '2019-09-17', '2019-09-17 21:50:28', '2019-09-17 21:55:30', NULL, NULL),
	(72, 1, '2019-09-17', '2019-09-17 21:55:44', NULL, NULL, NULL),
	(73, 1, '2019-09-22', '2019-09-22 12:15:05', '2019-09-22 12:46:36', 'AUT220919001', NULL),
	(74, 2, '2019-09-22', '2019-09-22 12:15:14', NULL, 'MOT220919002', NULL),
	(75, 3, '2019-09-22', '2019-09-22 12:15:18', '2019-09-22 12:26:33', 'BIC220919003', NULL),
	(76, 1, '2019-09-22', '2019-09-22 12:39:19', NULL, 'AUT220919004', NULL),
	(77, 3, '2019-09-22', '2019-09-22 12:43:27', NULL, 'BIC220919005', NULL),
	(78, 1, '2019-09-22', '2019-09-22 12:45:49', NULL, 'AUT220919006', NULL),
	(79, 1, '2019-09-22', '2019-09-22 12:47:09', NULL, 'AUT220919007', NULL),
	(80, 1, '2019-09-22', '2019-09-22 12:48:58', NULL, 'AUT220919008', NULL),
	(81, 1, '2019-09-22', '2019-09-22 12:51:01', NULL, 'AUT220919009', NULL),
	(82, 2, '2019-09-22', '2019-09-22 12:55:40', NULL, 'MOT220919010', NULL),
	(83, 1, '2019-09-22', '2019-09-22 12:59:13', NULL, 'AUT220919011', NULL),
	(84, 1, '2019-09-22', '2019-09-22 13:00:49', NULL, 'AUT220919012', NULL),
	(85, 1, '2019-09-22', '2019-09-22 13:02:45', NULL, 'AUT220919013', NULL),
	(86, 1, '2019-09-26', '2019-09-26 20:45:42', '2019-09-26 21:00:15', 'AUT260919001', NULL),
	(87, 1, '2019-09-26', '2019-09-26 20:47:44', '2019-09-26 20:51:28', 'AUT260919002', NULL),
	(88, 1, '2019-09-26', '2019-09-26 21:02:20', '2019-09-26 21:08:40', 'AUT260919003', NULL),
	(89, 1, '2019-09-26', '2019-09-26 21:06:01', NULL, 'AUT260919004', NULL),
	(90, 1, '2019-09-26', '2019-09-26 21:17:15', NULL, 'AUT260919005', NULL),
	(91, 3, '2019-09-26', '2019-09-26 21:17:42', NULL, 'BIC260919006', NULL),
	(92, 2, '2019-09-26', '2019-09-26 21:18:23', NULL, 'MOT260919007', NULL),
	(93, 1, '2019-09-28', '2019-09-28 18:25:37', NULL, 'AUT280919001', NULL),
	(94, 1, '2019-09-28', '2019-09-28 20:12:04', '2019-09-28 20:22:53', 'AUT280919002', NULL),
	(95, 1, '2019-09-28', '2019-09-28 20:14:57', '2019-09-28 20:19:38', 'AUT280919003', NULL),
	(96, 1, '2019-09-28', '2019-09-28 20:20:55', NULL, 'AUT280919004', NULL),
	(97, 1, '2019-09-28', '2019-09-28 20:24:57', NULL, 'AUT280919005', NULL),
	(98, 3, '2019-09-28', '2019-09-28 20:26:06', '2019-09-28 20:28:49', 'BIC280919006', NULL),
	(99, 3, '2019-09-28', '2019-09-28 20:26:25', NULL, 'BIC280919007', NULL),
	(100, 2, '2019-09-28', '2019-09-28 20:26:51', NULL, 'MOT280919008', NULL),
	(101, 1, '2019-09-28', '2019-09-28 20:27:03', NULL, 'AUT280919009', NULL),
	(102, 1, '2019-09-28', '2019-09-28 20:28:23', NULL, 'AUT280919010', NULL),
	(103, 3, '2019-09-28', '2019-09-28 20:29:30', '2019-09-28 20:30:09', 'BIC280919011', NULL),
	(104, 3, '2019-09-28', '2019-09-28 20:31:19', NULL, 'BIC280919012', NULL),
	(105, 3, '2019-09-28', '2019-09-28 20:34:00', '2019-09-28 20:38:03', 'BIC280919013', NULL),
	(106, 2, '2019-09-28', '2019-09-28 20:34:44', NULL, 'MOT280919014', NULL),
	(107, 2, '2019-09-28', '2019-09-28 20:39:25', '2019-09-28 20:41:05', 'MOT280919015', NULL),
	(108, 3, '2019-09-28', '2019-09-28 20:42:58', NULL, 'BIC280919016', NULL),
	(109, 1, '2019-09-28', '2019-09-28 20:46:32', NULL, 'AUT280919017', NULL),
	(110, 3, '2019-09-28', '2019-09-28 20:47:39', NULL, 'BIC280919018', NULL),
	(111, 3, '2019-09-28', '2019-09-28 20:47:58', NULL, 'BIC280919019', NULL),
	(112, 1, '2019-09-28', '2019-09-28 20:48:13', NULL, 'AUT280919020', NULL),
	(113, 3, '2019-09-28', '2019-09-28 20:49:18', NULL, 'BIC280919021', NULL),
	(114, 3, '2019-09-28', '2019-09-28 20:50:16', NULL, 'BIC280919022', NULL),
	(115, 1, '2019-09-28', '2019-09-28 20:50:55', '2019-09-28 20:52:15', 'AUT280919023', NULL),
	(116, 2, '2019-09-28', '2019-09-28 20:51:39', '2019-09-28 20:53:37', 'MOT280919024', NULL),
	(117, 1, '2019-09-28', '2019-09-28 20:53:36', '2019-09-28 21:51:07', 'AUT280919025', NULL),
	(118, 1, '2019-09-28', '2019-09-28 20:55:14', NULL, 'AUT280919026', NULL),
	(119, 1, '2019-09-28', '2019-09-28 20:55:57', NULL, 'AUT280919027', NULL),
	(120, 1, '2019-09-28', '2019-09-28 20:58:01', NULL, 'AUT280919028', NULL),
	(121, 1, '2019-09-28', '2019-09-28 20:59:42', NULL, 'AUT280919029', NULL),
	(122, 1, '2019-09-28', '2019-09-28 21:00:15', NULL, 'AUT280919030', NULL),
	(123, 3, '2019-09-28', '2019-09-28 21:01:08', NULL, 'BIC280919031', NULL),
	(124, 3, '2019-09-28', '2019-09-28 21:01:37', NULL, 'BIC280919032', NULL),
	(125, 3, '2019-09-28', '2019-09-28 21:04:11', NULL, 'BIC280919033', NULL),
	(126, 3, '2019-09-28', '2019-09-28 21:04:38', '2019-09-28 21:12:16', 'BIC280919034', NULL),
	(127, 1, '2019-09-28', '2019-09-28 21:05:40', NULL, 'AUT280919035', NULL),
	(128, 2, '2019-09-28', '2019-09-28 21:08:13', '2019-09-28 21:11:00', 'MOT280919036', NULL),
	(129, 1, '2019-09-28', '2019-09-28 21:14:21', NULL, 'AUT280919037', NULL),
	(130, 3, '2019-09-28', '2019-09-28 21:16:12', '2019-09-28 21:17:25', 'BIC280919038', NULL),
	(131, 1, '2019-09-28', '2019-09-28 21:18:22', '2019-09-28 21:20:45', 'AUT280919039', NULL),
	(132, 2, '2019-09-28', '2019-09-28 21:19:16', '2019-09-28 21:21:51', 'MOT280919040', NULL),
	(133, 3, '2019-09-28', '2019-09-28 21:22:17', '2019-09-28 21:27:47', 'BIC280919041', NULL),
	(134, 3, '2019-09-28', '2019-09-28 21:22:35', NULL, 'BIC280919042', NULL),
	(135, 1, '2019-09-28', '2019-09-28 21:24:39', NULL, 'AUT280919043', NULL),
	(136, 3, '2019-09-28', '2019-09-28 21:27:57', NULL, 'BIC280919044', NULL),
	(137, 1, '2019-09-28', '2019-09-28 21:31:26', NULL, 'AUT280919045', NULL),
	(138, 3, '2019-09-28', '2019-09-28 21:32:49', NULL, 'BIC280919046', NULL),
	(139, 3, '2019-09-28', '2019-09-28 21:33:38', NULL, 'BIC280919047', NULL),
	(140, 3, '2019-09-28', '2019-09-28 21:33:53', '2019-09-28 21:37:32', 'BIC280919048', NULL),
	(141, 2, '2019-09-28', '2019-09-28 21:40:49', NULL, 'MOT280919049', NULL),
	(142, 3, '2019-09-28', '2019-09-28 21:42:43', '2019-09-28 21:47:45', 'BIC280919050', NULL),
	(143, 1, '2019-09-28', '2019-09-28 21:53:09', '2019-09-28 21:54:35', 'AUT280919051', NULL),
	(144, 2, '2019-09-28', '2019-09-28 21:53:42', '2019-09-28 21:55:03', 'MOT280919052', NULL),
	(145, 3, '2019-09-28', '2019-09-28 22:02:27', NULL, 'BIC280919053', NULL),
	(146, 1, '2019-09-30', '2019-09-30 19:30:31', '2019-09-30 19:53:30', NULL, NULL),
	(147, 1, '2019-09-30', '2019-09-30 19:31:01', NULL, NULL, NULL),
	(148, 1, '2019-09-30', '2019-09-30 19:52:18', '2019-09-30 19:53:10', NULL, NULL),
	(149, 1, '2019-09-30', '2019-09-30 20:01:47', '2019-09-30 20:05:56', NULL, NULL),
	(150, 1, '2019-09-30', '2019-09-30 20:02:18', '2019-09-30 20:05:39', NULL, NULL),
	(151, 1, '2019-09-30', '2019-09-30 20:02:42', '2019-09-30 20:04:49', NULL, NULL),
	(152, 3, '2019-09-30', '2019-09-30 20:03:27', '2019-09-30 20:15:16', 'BIC300919007', NULL),
	(153, 2, '2019-09-30', '2019-09-30 20:03:42', '2019-09-30 20:14:46', 'MOT300919008', NULL),
	(154, 1, '2019-09-30', '2019-09-30 20:05:22', '2019-09-30 20:16:30', 'AUT300919009', NULL),
	(155, 1, '2019-09-30', '2019-09-30 20:06:30', '2019-09-30 20:10:32', NULL, NULL),
	(156, 1, '2019-09-30', '2019-09-30 20:06:58', '2019-09-30 20:15:18', NULL, NULL),
	(157, 2, '2019-09-30', '2019-09-30 20:09:27', NULL, 'MOT300919012', NULL),
	(158, 1, '2019-09-30', '2019-09-30 20:10:45', '2019-09-30 20:11:18', NULL, NULL),
	(159, 2, '2019-09-30', '2019-09-30 20:12:42', NULL, 'MOT300919014', NULL),
	(160, 1, '2019-09-30', '2019-09-30 20:15:47', '2019-09-30 20:16:47', NULL, NULL),
	(161, 1, '2019-09-30', '2019-09-30 20:16:59', '2019-09-30 20:19:20', NULL, NULL),
	(162, 3, '2019-09-30', '2019-09-30 20:17:48', '2019-09-30 20:18:55', 'BIC300919017', NULL),
	(163, 1, '2019-09-30', '2019-09-30 20:19:34', '2019-09-30 20:29:18', NULL, NULL),
	(164, 1, '2019-09-30', '2019-09-30 20:19:50', '2019-09-30 20:22:42', 'AUT300919019', NULL),
	(165, 1, '2019-09-30', '2019-09-30 20:25:28', '2019-09-30 20:32:46', 'AUT300919020', NULL),
	(166, 3, '2019-09-30', '2019-09-30 20:26:30', '2019-09-30 20:30:00', 'BIC300919021', NULL),
	(167, 1, '2019-09-30', '2019-09-30 20:26:51', '2019-09-30 20:29:01', NULL, NULL),
	(168, 1, '2019-09-30', '2019-09-30 20:27:13', '2019-09-30 20:28:44', NULL, NULL),
	(169, 1, '2019-09-30', '2019-09-30 20:30:54', '2019-09-30 20:35:35', 'AUT300919024', NULL),
	(170, 3, '2019-09-30', '2019-09-30 20:31:02', '2019-09-30 20:34:27', 'BIC300919025', NULL),
	(171, 1, '2019-09-30', '2019-09-30 20:31:37', '2019-09-30 20:31:47', NULL, NULL),
	(172, 1, '2019-09-30', '2019-09-30 20:32:10', '2019-09-30 20:32:23', NULL, NULL),
	(173, 3, '2019-09-30', '2019-09-30 20:36:07', '2019-09-30 20:37:03', 'BIC300919028', NULL),
	(174, 1, '2019-09-30', '2019-09-30 20:36:40', '2019-09-30 20:40:00', 'AUT300919029', NULL),
	(175, 3, '2019-09-30', '2019-09-30 20:36:52', '2019-09-30 20:41:25', 'BIC300919030', NULL),
	(176, 3, '2019-09-30', '2019-09-30 20:41:22', NULL, 'BIC300919031', NULL),
	(177, 1, '2019-10-01', '2019-10-01 10:59:56', NULL, 'AUT011019001', NULL),
	(178, 1, '2019-10-01', '2019-10-01 18:16:10', NULL, 'AUT011019002', NULL),
	(179, 1, '2019-10-01', '2019-10-01 19:49:26', NULL, 'AUT011019003', NULL),
	(180, 1, '2019-10-02', '2019-10-02 21:00:03', NULL, 'AUT021019001', NULL),
	(181, 2, '2019-10-02', '2019-10-02 21:00:06', NULL, 'MOT021019002', NULL),
	(182, 3, '2019-10-02', '2019-10-02 21:00:08', NULL, 'BIC021019003', NULL),
	(183, 1, '2019-10-02', '2019-10-02 22:16:34', '2019-10-02 22:45:22', NULL, NULL),
	(184, 1, '2019-10-02', '2019-10-02 22:19:37', '2019-10-02 22:47:21', NULL, NULL),
	(185, 1, '2019-10-02', '2019-10-02 22:30:09', '2019-10-02 22:47:39', NULL, NULL),
	(186, 1, '2019-10-03', '2019-10-03 19:04:08', NULL, 'AUT031019001', NULL),
	(187, 1, '2019-10-03', '2019-10-03 20:19:54', '2019-10-03 20:29:45', 'AUT031019002', NULL),
	(188, 3, '2019-10-03', '2019-10-03 20:21:59', '2019-10-03 20:28:40', 'BIC031019003', NULL),
	(189, 2, '2019-10-03', '2019-10-03 20:22:34', '2019-10-03 20:25:30', 'MOT031019004', NULL),
	(190, 1, '2019-10-03', '2019-10-03 20:23:19', '2019-10-03 20:33:31', 'AUT031019005', NULL),
	(191, 1, '2019-10-03', '2019-10-03 20:23:54', '2019-10-03 20:29:15', NULL, NULL),
	(192, 1, '2019-10-03', '2019-10-03 20:24:19', '2019-10-03 20:28:59', NULL, NULL),
	(193, 1, '2019-10-03', '2019-10-03 20:30:02', '2019-10-03 20:31:08', NULL, NULL),
	(194, 1, '2019-10-03', '2019-10-03 20:31:47', '2019-10-03 20:32:58', NULL, NULL),
	(195, 1, '2019-10-03', '2019-10-03 20:32:03', '2019-10-03 20:32:43', NULL, NULL),
	(196, 3, '2019-10-03', '2019-10-03 20:33:45', NULL, 'BIC031019011', NULL),
	(197, 2, '2019-10-03', '2019-10-03 20:34:08', '2019-10-03 20:46:06', 'MOT031019012', NULL),
	(198, 1, '2019-10-03', '2019-10-03 20:34:43', '2019-10-03 20:43:50', 'AUT031019013', NULL),
	(199, 1, '2019-10-03', '2019-10-03 20:35:07', '2019-10-04 20:05:58', NULL, NULL),
	(200, 3, '2019-10-03', '2019-10-03 20:36:00', '2019-10-03 20:39:57', 'BIC031019015', NULL),
	(201, 3, '2019-10-03', '2019-10-03 20:40:46', '2019-10-03 20:43:23', 'BIC031019016', NULL),
	(202, 1, '2019-10-03', '2019-10-03 20:44:57', NULL, 'AUT031019017', NULL),
	(203, 3, '2019-10-03', '2019-10-03 20:45:16', '2019-10-03 21:01:27', 'BIC031019018', NULL),
	(204, 2, '2019-10-03', '2019-10-03 20:46:20', '2019-10-03 20:59:23', 'MOT031019019', NULL),
	(205, 1, '2019-10-03', '2019-10-03 20:46:37', '2019-10-03 20:59:00', 'AUT031019020', NULL),
	(206, 1, '2019-10-03', '2019-10-03 20:47:41', '2019-10-03 20:48:43', NULL, NULL),
	(207, 1, '2019-10-03', '2019-10-03 20:49:47', '2019-10-04 20:05:31', NULL, NULL),
	(208, 2, '2019-10-03', '2019-10-03 20:52:09', '2019-10-03 20:52:32', NULL, NULL),
	(209, 2, '2019-10-03', '2019-10-03 20:56:15', '2019-10-03 20:56:30', NULL, NULL),
	(210, 1, '2019-10-03', '2019-10-03 21:05:13', '2019-10-03 21:06:58', 'AUT031019025', NULL),
	(211, 1, '2019-10-03', '2019-10-03 21:08:14', '2019-10-03 21:16:36', 'AUT031019026', NULL),
	(212, 3, '2019-10-03', '2019-10-03 21:08:29', '2019-10-03 21:14:33', 'BIC031019027', NULL),
	(213, 1, '2019-10-03', '2019-10-03 21:36:44', '2019-10-03 21:37:49', 'AUT031019028', NULL),
	(214, 1, '2019-10-03', '2019-10-03 21:39:52', NULL, 'AUT031019029', NULL),
	(215, 1, '2019-10-03', '2019-10-03 21:45:47', '2019-10-03 21:47:21', 'AUT031019030', NULL),
	(216, 3, '2019-10-03', '2019-10-03 21:48:25', '2019-10-03 21:50:47', 'BIC031019031', NULL),
	(217, 1, '2019-10-04', '2019-10-04 20:02:28', NULL, 'AUT041019001', NULL),
	(218, 2, '2019-10-04', '2019-10-04 20:03:05', '2019-10-04 20:13:51', 'MOT041019002', NULL),
	(219, 2, '2019-10-04', '2019-10-04 20:03:16', '2019-10-04 20:08:56', 'MOT041019003', NULL),
	(220, 3, '2019-10-04', '2019-10-04 20:03:26', '2019-10-04 20:08:02', 'BIC041019004', NULL),
	(221, 2, '2019-10-04', '2019-10-04 20:04:08', '2019-10-04 20:06:14', NULL, NULL),
	(222, 1, '2019-10-04', '2019-10-04 20:18:17', NULL, 'AUT041019006', NULL),
	(223, 1, '2019-10-04', '2019-10-04 23:32:49', NULL, 'AUT041019007', NULL),
	(224, 1, '2019-10-04', '2019-10-04 23:32:54', NULL, 'AUT041019008', NULL),
	(225, 1, '2019-10-04', '2019-10-04 23:32:55', NULL, 'AUT041019009', NULL),
	(226, 2, '2019-10-04', '2019-10-04 23:33:06', NULL, 'MOT041019010', NULL),
	(227, 2, '2019-10-04', '2019-10-04 23:33:06', NULL, 'MOT041019011', NULL),
	(228, 2, '2019-10-04', '2019-10-04 23:33:07', NULL, 'MOT041019012', NULL),
	(229, 3, '2019-10-04', '2019-10-04 23:33:14', NULL, 'BIC041019013', NULL),
	(230, 3, '2019-10-04', '2019-10-04 23:33:15', NULL, 'BIC041019014', NULL),
	(231, 3, '2019-10-04', '2019-10-04 23:33:15', NULL, 'BIC041019015', NULL),
	(232, 1, '2019-10-05', '2019-10-05 06:57:39', NULL, 'AUT051019001', NULL),
	(233, 1, '2019-10-05', '2019-10-05 06:58:37', '2019-10-05 17:45:50', 'AUT051019002', NULL),
	(234, 2, '2019-10-05', '2019-10-05 06:59:21', '2019-10-05 14:12:53', 'MOT051019003', NULL),
	(235, 1, '2019-10-05', '2019-10-05 07:02:01', NULL, 'AUT051019004', NULL),
	(236, 1, '2019-10-05', '2019-10-05 07:19:16', '2019-10-05 07:27:07', 'AUT051019005', NULL),
	(237, 2, '2019-10-05', '2019-10-05 07:20:13', NULL, 'MOT051019006', NULL),
	(238, 1, '2019-10-05', '2019-10-05 07:25:40', '2019-10-05 18:56:48', 'AUT051019007', NULL),
	(239, 1, '2019-10-05', '2019-10-05 07:26:44', NULL, 'AUT051019008', NULL),
	(240, 2, '2019-10-05', '2019-10-05 07:30:56', '2019-10-05 07:46:39', 'MOT051019009', NULL),
	(241, 3, '2019-10-05', '2019-10-05 07:31:24', NULL, 'BIC051019010', NULL),
	(242, 2, '2019-10-05', '2019-10-05 07:39:25', NULL, 'MOT051019011', NULL),
	(243, 1, '2019-10-05', '2019-10-05 07:45:06', '2019-10-05 08:35:34', 'AUT051019012', NULL),
	(244, 1, '2019-10-05', '2019-10-05 07:46:01', '2019-10-05 18:44:53', 'AUT051019013', NULL),
	(245, 1, '2019-10-05', '2019-10-05 07:47:33', NULL, 'AUT051019014', NULL),
	(246, 1, '2019-10-05', '2019-10-05 07:48:16', '2019-10-05 16:26:58', 'AUT051019015', NULL),
	(247, 1, '2019-10-05', '2019-10-05 07:49:36', NULL, 'AUT051019016', NULL),
	(248, 1, '2019-10-05', '2019-10-05 07:51:25', '2019-10-05 16:28:00', 'AUT051019017', NULL),
	(249, 2, '2019-10-05', '2019-10-05 07:52:26', '2019-10-05 19:39:16', 'MOT051019018', NULL),
	(250, 2, '2019-10-05', '2019-10-05 07:53:09', NULL, 'MOT051019019', NULL),
	(251, 2, '2019-10-05', '2019-10-05 07:58:33', '2019-10-05 08:24:28', 'MOT051019020', NULL),
	(252, 1, '2019-10-05', '2019-10-05 07:59:57', NULL, 'AUT051019021', NULL),
	(253, 2, '2019-10-05', '2019-10-05 08:00:36', '2019-10-05 18:29:37', 'MOT051019022', NULL),
	(254, 1, '2019-10-05', '2019-10-05 08:01:06', NULL, 'AUT051019023', NULL),
	(255, 1, '2019-10-05', '2019-10-05 08:01:37', '2019-10-05 08:14:25', 'AUT051019024', NULL),
	(256, 1, '2019-10-05', '2019-10-05 08:02:15', NULL, 'AUT051019025', NULL),
	(257, 2, '2019-10-05', '2019-10-05 08:05:56', '2019-10-05 16:22:03', 'MOT051019026', NULL),
	(258, 2, '2019-10-05', '2019-10-05 08:06:54', '2019-10-05 19:30:22', 'MOT051019027', NULL),
	(259, 2, '2019-10-05', '2019-10-05 08:11:56', '2019-10-05 17:50:22', 'MOT051019028', NULL),
	(260, 1, '2019-10-05', '2019-10-05 08:12:25', '2019-10-05 18:15:07', 'AUT051019029', NULL),
	(261, 2, '2019-10-05', '2019-10-05 08:13:20', NULL, 'MOT051019030', NULL),
	(262, 1, '2019-10-05', '2019-10-05 08:15:05', '2019-10-05 08:18:26', 'AUT051019031', NULL),
	(263, 2, '2019-10-05', '2019-10-05 08:15:58', NULL, 'MOT051019032', NULL),
	(264, 2, '2019-10-05', '2019-10-05 08:16:51', NULL, 'MOT051019033', NULL),
	(265, 2, '2019-10-05', '2019-10-05 08:17:54', '2019-10-05 17:19:03', 'MOT051019034', NULL),
	(266, 1, '2019-10-05', '2019-10-05 08:18:59', '2019-10-05 15:18:47', 'AUT051019035', NULL),
	(267, 1, '2019-10-05', '2019-10-05 08:19:48', NULL, 'AUT051019036', NULL),
	(268, 1, '2019-10-05', '2019-10-05 08:21:29', NULL, 'AUT051019037', NULL),
	(269, 1, '2019-10-05', '2019-10-05 08:22:14', NULL, 'AUT051019038', NULL),
	(270, 1, '2019-10-05', '2019-10-05 08:22:54', '2019-10-05 08:33:51', 'AUT051019039', NULL),
	(271, 1, '2019-10-05', '2019-10-05 08:23:32', NULL, 'AUT051019040', NULL),
	(272, 2, '2019-10-05', '2019-10-05 08:24:13', '2019-10-05 12:54:28', 'MOT051019041', NULL),
	(273, 1, '2019-10-05', '2019-10-05 08:25:33', '2019-10-05 19:38:22', 'AUT051019042', NULL),
	(274, 2, '2019-10-05', '2019-10-05 08:26:14', '2019-10-05 10:19:44', 'MOT051019043', NULL),
	(275, 2, '2019-10-05', '2019-10-05 08:28:04', NULL, 'MOT051019044', NULL),
	(276, 1, '2019-10-05', '2019-10-05 08:28:52', '2019-10-07 13:30:56', 'AUT051019045', NULL),
	(277, 1, '2019-10-05', '2019-10-05 08:29:29', '2019-10-05 09:31:25', 'AUT051019046', NULL),
	(278, 1, '2019-10-05', '2019-10-05 08:30:11', '2019-10-05 08:32:20', 'AUT051019047', NULL),
	(279, 1, '2019-10-05', '2019-10-05 08:32:59', NULL, 'AUT051019048', NULL),
	(280, 1, '2019-10-05', '2019-10-05 08:33:49', '2019-10-05 08:37:35', 'AUT051019049', NULL),
	(281, 1, '2019-10-05', '2019-10-05 08:34:58', '2019-10-05 17:43:35', 'AUT051019050', NULL),
	(282, 2, '2019-10-05', '2019-10-05 08:36:05', '2019-10-05 16:25:21', 'MOT051019051', NULL),
	(283, 1, '2019-10-05', '2019-10-05 08:37:01', '2019-10-05 16:25:03', 'AUT051019052', NULL),
	(284, 2, '2019-10-05', '2019-10-05 08:37:52', NULL, 'MOT051019053', NULL),
	(285, 1, '2019-10-05', '2019-10-05 08:38:26', '2019-10-05 18:13:40', 'AUT051019054', NULL),
	(286, 1, '2019-10-05', '2019-10-05 08:38:52', NULL, 'AUT051019055', NULL),
	(287, 2, '2019-10-05', '2019-10-05 08:39:10', '2019-10-05 19:37:30', 'MOT051019056', 1),
	(288, 1, '2019-10-05', '2019-10-05 08:39:48', NULL, 'AUT051019057', NULL),
	(289, 1, '2019-10-05', '2019-10-05 08:40:14', NULL, 'AUT051019058', NULL),
	(290, 1, '2019-10-05', '2019-10-05 08:41:14', '2019-10-05 19:25:33', 'AUT051019059', NULL),
	(291, 1, '2019-10-05', '2019-10-05 08:43:11', '2019-10-05 08:47:20', 'AUT051019060', NULL),
	(292, 2, '2019-10-05', '2019-10-05 08:43:36', NULL, 'MOT051019061', NULL),
	(293, 2, '2019-10-05', '2019-10-05 08:44:53', '2019-10-05 19:36:30', 'MOT051019062', NULL),
	(294, 1, '2019-10-05', '2019-10-05 08:45:33', NULL, 'AUT051019063', NULL),
	(295, 1, '2019-10-05', '2019-10-05 08:47:52', '2019-10-07 19:15:47', 'AUT051019064', NULL),
	(296, 2, '2019-10-05', '2019-10-05 08:49:15', NULL, 'MOT051019065', NULL),
	(297, 1, '2019-10-05', '2019-10-05 08:49:42', '2019-10-05 09:07:46', 'AUT051019066', NULL),
	(298, 2, '2019-10-05', '2019-10-05 08:51:34', NULL, 'MOT051019067', NULL),
	(299, 1, '2019-10-05', '2019-10-05 08:52:17', '2019-10-05 19:23:32', 'AUT051019068', NULL),
	(300, 1, '2019-10-05', '2019-10-05 08:52:46', '2019-10-05 09:20:48', 'AUT051019069', NULL),
	(301, 2, '2019-10-05', '2019-10-05 08:53:26', '2019-10-05 08:59:31', 'MOT051019070', NULL),
	(302, 1, '2019-10-05', '2019-10-05 08:56:57', '2019-10-05 09:16:39', 'AUT051019071', NULL),
	(303, 1, '2019-10-05', '2019-10-05 08:57:38', '2019-10-05 17:58:08', 'AUT051019072', NULL),
	(304, 2, '2019-10-05', '2019-10-05 08:58:17', '2019-10-05 17:41:54', 'MOT051019073', NULL),
	(305, 1, '2019-10-05', '2019-10-05 08:58:41', '2019-10-05 09:40:58', 'AUT051019074', NULL),
	(306, 1, '2019-10-05', '2019-10-05 08:59:28', '2019-10-05 18:38:15', 'AUT051019075', NULL),
	(307, 1, '2019-10-05', '2019-10-05 08:59:53', '2019-10-05 15:26:22', 'AUT051019076', NULL),
	(308, 1, '2019-10-05', '2019-10-05 09:00:56', NULL, 'AUT051019077', NULL),
	(309, 1, '2019-10-05', '2019-10-05 09:01:41', '2019-10-05 17:47:51', 'AUT051019078', NULL),
	(310, 1, '2019-10-05', '2019-10-05 09:02:16', '2019-10-05 09:23:18', 'AUT051019079', NULL),
	(311, 2, '2019-10-05', '2019-10-05 09:02:54', '2019-10-05 09:52:06', 'MOT051019080', NULL),
	(312, 2, '2019-10-05', '2019-10-05 09:05:49', '2019-10-05 09:46:19', 'MOT051019081', NULL),
	(313, 1, '2019-10-05', '2019-10-05 09:08:54', '2019-10-05 09:13:24', 'AUT051019082', NULL),
	(314, 1, '2019-10-05', '2019-10-05 09:09:52', NULL, 'AUT051019083', NULL),
	(315, 2, '2019-10-05', '2019-10-05 09:11:18', '2019-10-05 15:24:42', 'MOT051019084', NULL),
	(316, 1, '2019-10-05', '2019-10-05 09:12:27', '2019-10-05 17:08:36', 'AUT051019085', NULL),
	(317, 1, '2019-10-05', '2019-10-05 09:14:25', '2019-10-05 09:47:39', 'AUT051019086', NULL),
	(318, 2, '2019-10-05', '2019-10-05 09:15:12', NULL, 'MOT051019087', NULL),
	(319, 1, '2019-10-05', '2019-10-05 09:15:55', NULL, 'AUT051019088', NULL),
	(320, 1, '2019-10-05', '2019-10-05 09:16:59', '2019-10-05 09:21:38', 'AUT051019089', NULL),
	(321, 1, '2019-10-05', '2019-10-05 09:17:49', '2019-10-06 13:35:18', 'AUT051019090', NULL),
	(322, 1, '2019-10-05', '2019-10-05 09:18:58', '2019-10-05 10:33:44', 'AUT051019091', NULL),
	(323, 1, '2019-10-05', '2019-10-05 09:19:41', '2019-10-05 15:31:01', 'AUT051019092', NULL),
	(324, 2, '2019-10-05', '2019-10-05 09:20:16', '2019-10-05 16:04:59', 'MOT051019093', NULL),
	(325, 2, '2019-10-05', '2019-10-05 09:21:49', NULL, 'MOT051019094', NULL),
	(326, 1, '2019-10-05', '2019-10-05 09:22:28', '2019-10-05 18:25:51', 'AUT051019095', NULL),
	(327, 1, '2019-10-05', '2019-10-05 09:23:00', '2019-10-05 14:53:47', 'AUT051019096', NULL),
	(328, 1, '2019-10-05', '2019-10-05 09:25:42', '2019-10-05 16:51:47', 'AUT051019097', NULL),
	(329, 1, '2019-10-05', '2019-10-05 09:26:33', NULL, 'AUT051019098', NULL),
	(330, 1, '2019-10-05', '2019-10-05 09:27:12', '2019-10-05 15:26:10', 'AUT051019099', NULL),
	(331, 1, '2019-10-05', '2019-10-05 09:27:40', '2019-10-05 09:30:30', 'AUT051019100', NULL),
	(332, 1, '2019-10-05', '2019-10-05 09:29:25', '2019-10-05 09:34:50', 'AUT051019101', NULL),
	(333, 1, '2019-10-05', '2019-10-05 09:31:50', NULL, 'AUT051019102', NULL),
	(334, 1, '2019-10-05', '2019-10-05 09:32:32', '2019-10-05 17:41:24', 'AUT051019103', NULL),
	(335, 1, '2019-10-05', '2019-10-05 09:32:50', NULL, 'AUT051019104', NULL),
	(336, 1, '2019-10-05', '2019-10-05 09:33:11', '2019-10-05 18:52:47', 'AUT051019105', NULL),
	(337, 1, '2019-10-05', '2019-10-05 09:34:26', NULL, 'AUT051019106', NULL),
	(338, 2, '2019-10-05', '2019-10-05 09:34:57', '2019-10-05 15:24:34', 'MOT051019107', NULL),
	(339, 1, '2019-10-05', '2019-10-05 09:35:35', NULL, 'AUT051019108', NULL),
	(340, 2, '2019-10-05', '2019-10-05 09:39:41', '2019-10-05 14:59:47', 'MOT051019109', NULL),
	(341, 2, '2019-10-05', '2019-10-05 09:40:12', NULL, 'MOT051019110', NULL),
	(342, 1, '2019-10-05', '2019-10-05 09:41:08', '2019-10-05 09:46:51', 'AUT051019111', NULL),
	(343, 1, '2019-10-05', '2019-10-05 09:42:14', '2019-10-05 16:43:52', 'AUT051019112', NULL),
	(344, 1, '2019-10-05', '2019-10-05 09:43:24', '2019-10-05 09:43:41', NULL, NULL),
	(345, 2, '2019-10-05', '2019-10-05 09:43:49', '2019-10-05 10:57:22', 'MOT051019114', NULL),
	(346, 1, '2019-10-05', '2019-10-05 09:44:58', '2019-10-05 10:56:02', 'AUT051019115', NULL),
	(347, 1, '2019-10-05', '2019-10-05 09:45:34', '2019-10-05 09:45:43', NULL, NULL),
	(348, 1, '2019-10-05', '2019-10-05 09:46:41', '2019-10-05 10:05:09', 'AUT051019117', NULL),
	(349, 2, '2019-10-05', '2019-10-05 09:47:03', '2019-10-05 10:03:10', 'MOT051019118', NULL),
	(350, 2, '2019-10-05', '2019-10-05 09:48:25', '2019-10-05 16:36:02', 'MOT051019119', NULL),
	(351, 1, '2019-10-05', '2019-10-05 09:50:04', '2019-10-05 09:54:57', 'AUT051019120', NULL),
	(352, 1, '2019-10-05', '2019-10-05 09:50:57', NULL, 'AUT051019121', NULL),
	(353, 1, '2019-10-05', '2019-10-05 09:51:36', '2019-10-05 10:02:43', 'AUT051019122', NULL),
	(354, 1, '2019-10-05', '2019-10-05 09:52:20', '2019-10-05 14:20:08', 'AUT051019123', NULL),
	(355, 1, '2019-10-05', '2019-10-05 09:55:56', '2019-10-07 19:35:16', 'AUT051019124', NULL),
	(356, 1, '2019-10-05', '2019-10-05 09:57:05', '2019-10-05 10:00:50', 'AUT051019125', NULL),
	(357, 1, '2019-10-05', '2019-10-05 09:58:41', NULL, 'AUT051019126', NULL),
	(358, 1, '2019-10-05', '2019-10-05 09:59:50', '2019-10-05 10:51:51', 'AUT051019127', NULL),
	(359, 1, '2019-10-05', '2019-10-05 10:01:29', NULL, 'AUT051019128', NULL),
	(360, 1, '2019-10-05', '2019-10-05 10:01:48', '2019-10-05 19:45:00', 'AUT051019129', NULL),
	(361, 1, '2019-10-05', '2019-10-05 10:04:32', '2019-10-05 10:04:38', NULL, NULL),
	(362, 1, '2019-10-05', '2019-10-05 10:06:18', '2019-10-05 10:08:36', 'AUT051019131', NULL),
	(363, 1, '2019-10-05', '2019-10-05 10:08:01', '2019-10-05 12:36:17', 'AUT051019132', NULL),
	(364, 1, '2019-10-05', '2019-10-05 10:10:02', '2019-10-05 10:12:34', 'AUT051019133', NULL),
	(365, 2, '2019-10-05', '2019-10-05 10:10:26', '2019-10-06 13:35:47', 'MOT051019134', NULL),
	(366, 1, '2019-10-05', '2019-10-05 10:10:46', '2019-10-05 18:12:23', 'AUT051019135', NULL),
	(367, 2, '2019-10-05', '2019-10-05 10:12:27', '2019-10-05 10:43:10', 'MOT051019136', NULL),
	(368, 1, '2019-10-05', '2019-10-05 10:13:19', '2019-10-05 10:15:59', 'AUT051019137', NULL),
	(369, 1, '2019-10-05', '2019-10-05 10:13:45', NULL, 'AUT051019138', NULL),
	(370, 1, '2019-10-05', '2019-10-05 10:14:47', '2019-10-05 13:59:47', 'AUT051019139', NULL),
	(371, 1, '2019-10-05', '2019-10-05 10:17:35', '2019-10-05 10:53:38', 'AUT051019140', NULL),
	(372, 1, '2019-10-05', '2019-10-05 10:18:06', '2019-10-05 18:51:45', 'AUT051019141', NULL),
	(373, 1, '2019-10-05', '2019-10-05 10:18:42', NULL, 'AUT051019142', NULL),
	(374, 1, '2019-10-05', '2019-10-05 10:21:43', '2019-10-05 15:44:27', 'AUT051019143', NULL),
	(375, 1, '2019-10-05', '2019-10-05 10:23:41', '2019-10-05 10:26:43', 'AUT051019144', NULL),
	(376, 1, '2019-10-05', '2019-10-05 10:27:01', '2019-10-05 10:35:05', 'AUT051019145', NULL),
	(377, 1, '2019-10-05', '2019-10-05 10:27:31', NULL, 'AUT051019146', NULL),
	(378, 2, '2019-10-05', '2019-10-05 10:27:56', '2019-10-05 10:46:36', 'MOT051019147', NULL),
	(379, 1, '2019-10-05', '2019-10-05 10:29:26', '2019-10-05 14:41:09', 'AUT051019148', NULL),
	(380, 1, '2019-10-05', '2019-10-05 10:30:23', NULL, 'AUT051019149', NULL),
	(381, 1, '2019-10-05', '2019-10-05 10:30:49', '2019-10-05 10:32:24', 'AUT051019150', NULL),
	(382, 1, '2019-10-05', '2019-10-05 10:31:25', NULL, 'AUT051019151', NULL),
	(383, 1, '2019-10-05', '2019-10-05 10:33:49', '2019-10-05 13:31:04', NULL, NULL),
	(384, 1, '2019-10-05', '2019-10-05 10:34:28', NULL, 'AUT051019153', NULL),
	(385, 1, '2019-10-05', '2019-10-05 10:35:32', '2019-10-05 10:38:29', 'AUT051019154', NULL),
	(386, 1, '2019-10-05', '2019-10-05 10:38:10', '2019-10-05 16:53:05', 'AUT051019155', 1),
	(387, 1, '2019-10-05', '2019-10-05 10:39:00', '2019-10-05 15:41:42', 'AUT051019156', NULL),
	(388, 1, '2019-10-05', '2019-10-05 10:39:55', '2019-10-05 10:40:11', NULL, NULL),
	(389, 1, '2019-10-05', '2019-10-05 10:40:26', '2019-10-05 13:27:33', 'AUT051019158', NULL),
	(390, 1, '2019-10-05', '2019-10-05 10:41:00', '2019-10-05 10:41:09', NULL, NULL),
	(391, 1, '2019-10-05', '2019-10-05 10:41:38', '2019-10-05 10:41:43', NULL, NULL),
	(392, 1, '2019-10-05', '2019-10-05 10:41:57', '2019-10-05 10:43:39', 'AUT051019161', NULL),
	(393, 1, '2019-10-05', '2019-10-05 10:42:33', '2019-10-05 10:56:52', 'AUT051019162', NULL),
	(394, 2, '2019-10-05', '2019-10-05 10:43:10', '2019-10-05 12:22:57', 'MOT051019163', NULL),
	(395, 1, '2019-10-05', '2019-10-05 10:44:01', '2019-10-05 10:45:57', 'AUT051019164', NULL),
	(396, 1, '2019-10-05', '2019-10-05 10:44:49', NULL, 'AUT051019165', NULL),
	(397, 1, '2019-10-05', '2019-10-05 10:49:02', NULL, 'AUT051019166', NULL),
	(398, 1, '2019-10-05', '2019-10-05 10:49:52', '2019-10-05 10:55:13', 'AUT051019167', NULL),
	(399, 1, '2019-10-05', '2019-10-05 10:50:23', '2019-10-05 10:54:31', 'AUT051019168', NULL),
	(400, 1, '2019-10-05', '2019-10-05 10:50:47', '2019-10-05 10:52:37', 'AUT051019169', NULL),
	(401, 1, '2019-10-05', '2019-10-05 10:51:35', NULL, 'AUT051019170', NULL),
	(402, 1, '2019-10-05', '2019-10-05 10:52:45', '2019-10-05 19:23:09', 'AUT051019171', 1),
	(403, 2, '2019-10-05', '2019-10-05 10:53:12', '2019-10-05 12:38:05', 'MOT051019172', NULL),
	(404, 2, '2019-10-05', '2019-10-05 10:53:32', '2019-10-05 15:56:38', 'MOT051019173', NULL),
	(405, 1, '2019-10-05', '2019-10-05 10:54:51', '2019-10-05 17:14:12', 'AUT051019174', NULL),
	(406, 1, '2019-10-05', '2019-10-05 10:57:09', NULL, 'AUT051019175', NULL),
	(407, 2, '2019-10-05', '2019-10-05 10:58:42', '2019-10-05 11:08:24', 'MOT051019176', NULL),
	(408, 2, '2019-10-05', '2019-10-05 10:59:07', '2019-10-05 11:07:13', 'MOT051019177', NULL),
	(409, 1, '2019-10-05', '2019-10-05 10:59:56', '2019-10-05 11:02:11', 'AUT051019178', NULL),
	(410, 1, '2019-10-05', '2019-10-05 11:03:16', NULL, 'AUT051019179', NULL),
	(411, 1, '2019-10-05', '2019-10-05 11:04:43', '2019-10-05 11:13:15', 'AUT051019180', NULL),
	(412, 2, '2019-10-05', '2019-10-05 11:05:11', '2019-10-05 11:46:57', NULL, NULL),
	(413, 1, '2019-10-05', '2019-10-05 11:05:41', '2019-10-05 19:37:43', 'AUT051019182', NULL),
	(414, 1, '2019-10-05', '2019-10-05 11:06:33', NULL, 'AUT051019183', NULL),
	(415, 1, '2019-10-05', '2019-10-05 11:07:30', '2019-10-05 18:42:56', 'AUT051019184', NULL),
	(416, 2, '2019-10-05', '2019-10-05 11:08:20', '2019-10-05 11:19:59', 'MOT051019185', NULL),
	(417, 2, '2019-10-05', '2019-10-05 11:08:48', '2019-10-05 16:52:45', 'MOT051019186', NULL),
	(418, 2, '2019-10-05', '2019-10-05 11:09:16', '2019-10-05 11:20:09', 'MOT051019187', NULL),
	(419, 1, '2019-10-05', '2019-10-05 11:09:35', '2019-10-05 11:11:59', 'AUT051019188', NULL),
	(420, 2, '2019-10-05', '2019-10-05 11:11:26', '2019-10-05 11:52:37', 'MOT051019189', NULL),
	(421, 1, '2019-10-05', '2019-10-05 11:12:41', '2019-10-05 19:17:21', 'AUT051019190', NULL),
	(422, 1, '2019-10-05', '2019-10-05 11:18:12', NULL, 'AUT051019191', NULL),
	(423, 2, '2019-10-05', '2019-10-05 11:21:15', '2019-10-05 11:34:25', 'MOT051019192', NULL),
	(424, 2, '2019-10-05', '2019-10-05 11:23:03', '2019-10-05 11:23:11', NULL, NULL),
	(425, 1, '2019-10-05', '2019-10-05 11:23:28', '2019-10-07 15:29:58', 'AUT051019194', NULL),
	(426, 1, '2019-10-05', '2019-10-05 11:24:13', '2019-10-05 11:27:10', 'AUT051019195', NULL),
	(427, 1, '2019-10-05', '2019-10-05 11:24:40', '2019-10-05 17:06:42', 'AUT051019196', NULL),
	(428, 1, '2019-10-05', '2019-10-05 11:25:06', '2019-10-05 11:27:52', 'AUT051019197', NULL),
	(429, 1, '2019-10-05', '2019-10-05 11:26:18', '2019-10-05 11:26:25', NULL, NULL),
	(430, 2, '2019-10-05', '2019-10-05 11:26:43', NULL, 'MOT051019199', NULL),
	(431, 2, '2019-10-05', '2019-10-05 11:27:34', '2019-10-05 12:37:08', 'MOT051019200', NULL),
	(432, 1, '2019-10-05', '2019-10-05 11:28:56', '2019-10-05 18:19:03', 'AUT051019201', NULL),
	(433, 2, '2019-10-05', '2019-10-05 11:29:25', '2019-10-05 11:55:11', 'MOT051019202', NULL),
	(434, 2, '2019-10-05', '2019-10-05 11:29:46', '2019-10-05 11:55:41', 'MOT051019203', NULL),
	(435, 2, '2019-10-05', '2019-10-05 11:30:07', '2019-10-05 11:49:37', 'MOT051019204', NULL),
	(436, 1, '2019-10-05', '2019-10-05 11:32:09', '2019-10-05 14:45:03', 'AUT051019205', NULL),
	(437, 1, '2019-10-05', '2019-10-05 11:36:03', '2019-10-05 11:36:09', NULL, NULL),
	(438, 2, '2019-10-05', '2019-10-05 11:36:39', '2019-10-05 12:11:12', 'MOT051019207', NULL),
	(439, 2, '2019-10-05', '2019-10-05 11:37:10', '2019-10-05 11:48:51', 'MOT051019208', NULL),
	(440, 1, '2019-10-05', '2019-10-05 11:37:38', '2019-10-05 11:39:55', 'AUT051019209', NULL),
	(441, 1, '2019-10-05', '2019-10-05 11:38:26', '2019-10-05 11:42:11', 'AUT051019210', NULL),
	(442, 1, '2019-10-05', '2019-10-05 11:39:05', '2019-10-05 11:41:53', 'AUT051019211', NULL),
	(443, 2, '2019-10-05', '2019-10-05 11:41:35', NULL, 'MOT051019212', NULL),
	(444, 1, '2019-10-05', '2019-10-05 11:42:17', '2019-10-05 18:22:51', 'AUT051019213', NULL),
	(445, 2, '2019-10-05', '2019-10-05 11:42:46', '2019-10-05 11:42:53', NULL, NULL),
	(446, 2, '2019-10-05', '2019-10-05 11:43:13', NULL, 'MOT051019215', NULL),
	(447, 2, '2019-10-05', '2019-10-05 11:44:03', '2019-10-05 12:14:24', 'MOT051019216', NULL),
	(448, 2, '2019-10-05', '2019-10-05 11:47:38', '2019-10-05 12:23:37', 'MOT051019217', NULL),
	(449, 1, '2019-10-05', '2019-10-05 11:48:01', '2019-10-05 11:50:56', 'AUT051019218', NULL),
	(450, 2, '2019-10-05', '2019-10-05 11:49:06', '2019-10-05 11:49:14', NULL, NULL),
	(451, 1, '2019-10-05', '2019-10-05 11:49:55', '2019-10-05 11:59:41', 'AUT051019220', NULL),
	(452, 2, '2019-10-05', '2019-10-05 11:52:06', '2019-10-05 15:06:37', 'MOT051019221', NULL),
	(453, 1, '2019-10-05', '2019-10-05 11:52:40', '2019-10-05 11:55:55', 'AUT051019222', NULL),
	(454, 1, '2019-10-05', '2019-10-05 11:54:44', '2019-10-05 18:03:51', 'AUT051019223', NULL),
	(455, 1, '2019-10-05', '2019-10-05 11:55:28', '2019-10-05 11:57:47', 'AUT051019224', NULL),
	(456, 1, '2019-10-05', '2019-10-05 11:57:09', '2019-10-05 11:57:19', NULL, NULL),
	(457, 1, '2019-10-05', '2019-10-05 11:57:31', '2019-10-05 11:58:45', 'AUT051019226', NULL),
	(458, 1, '2019-10-05', '2019-10-05 11:58:26', '2019-10-05 19:17:52', 'AUT051019227', NULL),
	(459, 2, '2019-10-05', '2019-10-05 11:59:16', '2019-10-05 12:21:24', 'MOT051019228', NULL),
	(460, 1, '2019-10-05', '2019-10-05 11:59:46', '2019-10-05 12:01:16', 'AUT051019229', NULL),
	(461, 1, '2019-10-05', '2019-10-05 12:00:20', '2019-10-05 12:02:43', 'AUT051019230', NULL),
	(462, 2, '2019-10-05', '2019-10-05 12:00:47', '2019-10-05 12:35:51', 'MOT051019231', NULL),
	(463, 2, '2019-10-05', '2019-10-05 12:02:52', '2019-10-05 12:24:36', 'MOT051019232', NULL),
	(464, 2, '2019-10-05', '2019-10-05 12:03:36', '2019-10-05 12:54:04', 'MOT051019233', NULL),
	(465, 1, '2019-10-05', '2019-10-05 12:04:45', '2019-10-05 12:15:40', 'AUT051019234', NULL),
	(466, 1, '2019-10-05', '2019-10-05 12:07:04', '2019-10-05 12:07:10', NULL, NULL),
	(467, 1, '2019-10-05', '2019-10-05 12:08:09', '2019-10-05 13:21:27', 'AUT051019236', NULL),
	(468, 2, '2019-10-05', '2019-10-05 12:08:41', '2019-10-05 12:43:37', 'MOT051019237', NULL),
	(469, 1, '2019-10-05', '2019-10-05 12:10:27', NULL, 'AUT051019238', NULL),
	(470, 2, '2019-10-05', '2019-10-05 12:10:52', '2019-10-05 12:20:43', 'MOT051019239', NULL),
	(471, 2, '2019-10-05', '2019-10-05 12:15:25', NULL, 'MOT051019240', NULL),
	(472, 1, '2019-10-05', '2019-10-05 12:16:13', '2019-10-05 17:15:34', 'AUT051019241', NULL),
	(473, 2, '2019-10-05', '2019-10-05 12:16:49', '2019-10-05 12:58:12', 'MOT051019242', NULL),
	(474, 1, '2019-10-05', '2019-10-05 12:17:31', '2019-10-05 12:17:37', NULL, NULL),
	(475, 1, '2019-10-05', '2019-10-05 12:19:06', '2019-10-05 12:21:00', 'AUT051019244', NULL),
	(476, 1, '2019-10-05', '2019-10-05 12:23:22', '2019-10-05 12:23:27', NULL, NULL),
	(477, 1, '2019-10-05', '2019-10-05 12:25:54', '2019-10-05 12:58:27', 'AUT051019246', NULL),
	(478, 1, '2019-10-05', '2019-10-05 12:26:34', '2019-10-05 19:20:35', 'AUT051019247', NULL),
	(479, 2, '2019-10-05', '2019-10-05 12:28:26', NULL, 'MOT051019248', NULL),
	(480, 2, '2019-10-05', '2019-10-05 12:29:09', '2019-10-05 12:29:15', NULL, NULL),
	(481, 2, '2019-10-05', '2019-10-05 12:31:08', NULL, 'MOT051019250', NULL),
	(482, 2, '2019-10-05', '2019-10-05 12:31:35', '2019-10-05 12:38:23', 'MOT051019251', NULL),
	(483, 1, '2019-10-05', '2019-10-05 12:33:05', '2019-10-05 12:37:52', 'AUT051019252', NULL),
	(484, 1, '2019-10-05', '2019-10-05 12:33:27', '2019-10-05 12:35:38', 'AUT051019253', NULL),
	(485, 1, '2019-10-05', '2019-10-05 12:34:24', '2019-10-05 12:57:17', 'AUT051019254', NULL),
	(486, 1, '2019-10-05', '2019-10-05 12:38:41', '2019-10-05 12:40:48', 'AUT051019255', NULL),
	(487, 2, '2019-10-05', '2019-10-05 12:38:58', '2019-10-05 13:17:58', NULL, NULL),
	(488, 2, '2019-10-05', '2019-10-05 12:39:24', '2019-10-05 13:49:45', 'MOT051019257', NULL),
	(489, 2, '2019-10-05', '2019-10-05 12:39:49', '2019-10-05 12:39:57', NULL, NULL),
	(490, 2, '2019-10-05', '2019-10-05 12:41:12', '2019-10-05 12:41:23', NULL, NULL),
	(491, 1, '2019-10-05', '2019-10-05 12:42:20', '2019-10-05 15:11:05', 'AUT051019260', NULL),
	(492, 2, '2019-10-05', '2019-10-05 12:42:46', '2019-10-05 12:43:11', NULL, NULL),
	(493, 1, '2019-10-05', '2019-10-05 12:46:50', '2019-10-05 12:46:57', NULL, NULL),
	(494, 2, '2019-10-05', '2019-10-05 12:49:39', '2019-10-05 15:05:01', NULL, NULL),
	(495, 1, '2019-10-05', '2019-10-05 12:51:25', '2019-10-05 12:51:29', NULL, NULL),
	(496, 1, '2019-10-05', '2019-10-05 12:52:13', NULL, 'AUT051019265', NULL),
	(497, 1, '2019-10-05', '2019-10-05 12:53:07', '2019-10-05 12:56:12', 'AUT051019266', NULL),
	(498, 1, '2019-10-05', '2019-10-05 12:53:21', '2019-10-05 13:07:59', 'AUT051019267', NULL),
	(499, 1, '2019-10-05', '2019-10-05 12:54:47', '2019-10-05 15:31:48', 'AUT051019268', NULL),
	(500, 1, '2019-10-05', '2019-10-05 12:55:31', '2019-10-05 12:55:35', NULL, NULL),
	(501, 1, '2019-10-05', '2019-10-05 12:55:55', NULL, 'AUT051019270', NULL),
	(502, 2, '2019-10-05', '2019-10-05 12:56:20', '2019-10-05 13:17:27', 'MOT051019271', NULL),
	(503, 2, '2019-10-05', '2019-10-05 12:57:40', '2019-10-05 18:43:37', 'MOT051019272', NULL),
	(504, 2, '2019-10-05', '2019-10-05 12:57:53', '2019-10-05 16:47:09', 'MOT051019273', NULL),
	(505, 1, '2019-10-05', '2019-10-05 12:58:31', '2019-10-05 13:03:20', 'AUT051019274', NULL),
	(506, 1, '2019-10-05', '2019-10-05 12:59:08', '2019-10-05 13:00:19', 'AUT051019275', NULL),
	(507, 2, '2019-10-05', '2019-10-05 12:59:40', '2019-10-05 12:59:48', NULL, NULL),
	(508, 1, '2019-10-05', '2019-10-05 13:00:59', '2019-10-05 13:03:41', 'AUT051019277', NULL),
	(509, 1, '2019-10-05', '2019-10-05 13:04:07', '2019-10-05 13:04:12', NULL, NULL),
	(510, 1, '2019-10-05', '2019-10-05 13:04:24', '2019-10-05 13:09:17', 'AUT051019279', NULL),
	(511, 2, '2019-10-05', '2019-10-05 13:05:14', NULL, 'MOT051019280', NULL),
	(512, 2, '2019-10-05', '2019-10-05 13:05:37', '2019-10-05 14:34:15', NULL, NULL),
	(513, 2, '2019-10-05', '2019-10-05 13:06:08', '2019-10-05 13:18:30', 'MOT051019282', NULL),
	(514, 1, '2019-10-05', '2019-10-05 13:09:43', '2019-10-05 13:11:03', 'AUT051019283', NULL),
	(515, 2, '2019-10-05', '2019-10-05 13:11:40', '2019-10-05 13:47:45', 'MOT051019284', NULL),
	(516, 1, '2019-10-05', '2019-10-05 13:12:30', '2019-10-05 14:21:14', NULL, NULL),
	(517, 1, '2019-10-05', '2019-10-05 13:14:41', '2019-10-05 15:40:03', 'AUT051019286', NULL),
	(518, 1, '2019-10-05', '2019-10-05 13:15:34', '2019-10-05 13:18:19', 'AUT051019287', NULL),
	(519, 2, '2019-10-05', '2019-10-05 13:15:55', '2019-10-05 15:32:30', NULL, NULL),
	(520, 1, '2019-10-05', '2019-10-05 13:16:56', '2019-10-05 13:17:01', NULL, NULL),
	(521, 2, '2019-10-05', '2019-10-05 13:17:38', '2019-10-05 15:40:23', NULL, NULL),
	(522, 1, '2019-10-05', '2019-10-05 13:19:26', '2019-10-05 13:19:37', NULL, NULL),
	(523, 1, '2019-10-05', '2019-10-05 13:19:53', '2019-10-05 13:20:38', 'AUT051019292', NULL),
	(524, 1, '2019-10-05', '2019-10-05 13:20:25', '2019-10-05 14:11:53', NULL, NULL),
	(525, 2, '2019-10-05', '2019-10-05 13:21:09', '2019-10-05 15:05:48', NULL, NULL),
	(526, 2, '2019-10-05', '2019-10-05 13:21:56', '2019-10-05 13:40:57', 'MOT051019295', NULL),
	(527, 2, '2019-10-05', '2019-10-05 13:22:17', '2019-10-05 18:51:10', 'MOT051019296', 1),
	(528, 1, '2019-10-05', '2019-10-05 13:23:49', '2019-10-05 13:25:11', 'AUT051019297', NULL),
	(529, 2, '2019-10-05', '2019-10-05 13:24:57', '2019-10-05 15:16:12', NULL, NULL),
	(530, 1, '2019-10-05', '2019-10-05 13:27:45', '2019-10-05 13:50:08', 'AUT051019299', NULL),
	(531, 1, '2019-10-05', '2019-10-05 13:28:54', '2019-10-05 13:30:30', 'AUT051019300', NULL),
	(532, 1, '2019-10-05', '2019-10-05 13:32:50', '2019-10-05 13:34:45', 'AUT051019301', NULL),
	(533, 1, '2019-10-05', '2019-10-05 13:35:47', '2019-10-05 13:37:27', 'AUT051019302', NULL),
	(534, 1, '2019-10-05', '2019-10-05 13:42:56', '2019-10-05 15:49:49', NULL, NULL),
	(535, 1, '2019-10-05', '2019-10-05 13:43:23', '2019-10-05 14:27:30', 'AUT051019304', NULL),
	(536, 1, '2019-10-05', '2019-10-05 13:44:25', '2019-10-05 16:10:12', 'AUT051019305', NULL),
	(537, 1, '2019-10-05', '2019-10-05 13:44:43', '2019-10-05 13:44:50', NULL, NULL),
	(538, 1, '2019-10-05', '2019-10-05 13:44:55', '2019-10-05 13:48:06', 'AUT051019307', NULL),
	(539, 1, '2019-10-05', '2019-10-05 13:45:47', '2019-10-05 15:24:52', NULL, NULL),
	(540, 1, '2019-10-05', '2019-10-05 13:47:05', '2019-10-05 15:12:22', 'AUT051019309', NULL),
	(541, 1, '2019-10-05', '2019-10-05 13:48:39', '2019-10-05 13:53:02', 'AUT051019310', NULL),
	(542, 1, '2019-10-05', '2019-10-05 13:49:21', '2019-10-05 13:49:26', NULL, NULL),
	(543, 1, '2019-10-05', '2019-10-05 13:50:57', '2019-10-05 18:03:32', 'AUT051019312', NULL),
	(544, 2, '2019-10-05', '2019-10-05 13:51:22', '2019-10-05 17:46:06', 'MOT051019313', 1),
	(545, 2, '2019-10-05', '2019-10-05 13:52:36', '2019-10-05 14:52:09', 'MOT051019314', NULL),
	(546, 1, '2019-10-05', '2019-10-05 13:53:02', '2019-10-05 14:34:02', NULL, NULL),
	(547, 2, '2019-10-05', '2019-10-05 13:56:03', '2019-10-05 15:11:21', 'MOT051019316', NULL),
	(548, 1, '2019-10-05', '2019-10-05 13:58:02', '2019-10-05 19:19:18', NULL, NULL),
	(549, 1, '2019-10-05', '2019-10-05 14:00:11', '2019-10-05 14:00:18', NULL, NULL),
	(550, 1, '2019-10-05', '2019-10-05 14:01:35', '2019-10-05 14:29:17', 'AUT051019319', NULL),
	(551, 2, '2019-10-05', '2019-10-05 14:01:58', '2019-10-05 15:06:54', 'MOT051019320', NULL),
	(552, 2, '2019-10-05', '2019-10-05 14:03:07', '2019-10-05 14:44:14', 'MOT051019321', NULL),
	(553, 1, '2019-10-05', '2019-10-05 14:04:25', '2019-10-05 14:04:32', NULL, NULL),
	(554, 1, '2019-10-05', '2019-10-05 14:04:41', '2019-10-05 14:06:41', 'AUT051019323', NULL),
	(555, 2, '2019-10-05', '2019-10-05 14:05:37', '2019-10-05 18:51:32', 'MOT051019324', NULL),
	(556, 2, '2019-10-05', '2019-10-05 14:06:22', '2019-10-05 14:45:47', 'MOT051019325', NULL),
	(557, 2, '2019-10-05', '2019-10-05 14:12:12', '2019-10-07 07:40:49', NULL, NULL),
	(558, 1, '2019-10-05', '2019-10-05 14:14:49', '2019-10-05 14:17:30', 'AUT051019327', NULL),
	(559, 2, '2019-10-05', '2019-10-05 14:16:04', '2019-10-05 15:20:45', 'MOT051019328', NULL),
	(560, 1, '2019-10-05', '2019-10-05 14:18:00', '2019-10-05 14:18:11', NULL, NULL),
	(561, 2, '2019-10-05', '2019-10-05 14:18:45', '2019-10-05 15:06:23', 'MOT051019330', NULL),
	(562, 1, '2019-10-05', '2019-10-05 14:19:28', '2019-10-05 14:56:57', NULL, NULL),
	(563, 1, '2019-10-05', '2019-10-05 14:19:55', '2019-10-07 10:01:00', NULL, NULL),
	(564, 1, '2019-10-05', '2019-10-05 14:20:08', '2019-10-05 14:22:41', 'AUT051019333', NULL),
	(565, 1, '2019-10-05', '2019-10-05 14:20:35', '2019-10-05 14:23:13', 'AUT051019334', NULL),
	(566, 2, '2019-10-05', '2019-10-05 14:21:48', '2019-10-05 14:21:56', NULL, NULL),
	(567, 1, '2019-10-05', '2019-10-05 14:25:20', '2019-10-05 18:39:10', NULL, NULL),
	(568, 1, '2019-10-05', '2019-10-05 14:25:37', '2019-10-05 14:51:47', 'AUT051019337', NULL),
	(569, 2, '2019-10-05', '2019-10-05 14:26:13', '2019-10-05 14:26:35', NULL, NULL),
	(570, 2, '2019-10-05', '2019-10-05 14:26:50', '2019-10-05 14:56:07', 'MOT051019339', NULL),
	(571, 2, '2019-10-05', '2019-10-05 14:27:24', '2019-10-05 15:13:19', 'MOT051019340', NULL),
	(572, 1, '2019-10-05', '2019-10-05 14:28:06', '2019-10-05 14:33:46', 'AUT051019341', NULL),
	(573, 1, '2019-10-05', '2019-10-05 14:29:45', '2019-10-05 14:35:35', 'AUT051019342', NULL),
	(574, 1, '2019-10-05', '2019-10-05 14:30:06', '2019-10-05 14:33:09', 'AUT051019343', NULL),
	(575, 2, '2019-10-05', '2019-10-05 14:30:37', '2019-10-05 14:42:50', 'MOT051019344', NULL),
	(576, 1, '2019-10-05', '2019-10-05 14:32:21', '2019-10-05 14:38:05', 'AUT051019345', NULL),
	(577, 1, '2019-10-05', '2019-10-05 14:34:42', '2019-10-05 14:37:05', 'AUT051019346', NULL),
	(578, 1, '2019-10-05', '2019-10-05 14:36:51', '2019-10-05 15:00:17', 'AUT051019347', NULL),
	(579, 2, '2019-10-05', '2019-10-05 14:37:34', '2019-10-06 12:17:08', 'MOT051019348', NULL),
	(580, 2, '2019-10-05', '2019-10-05 14:38:02', '2019-10-05 14:52:33', 'MOT051019349', NULL),
	(581, 2, '2019-10-05', '2019-10-05 14:39:54', '2019-10-05 15:21:02', 'MOT051019350', NULL),
	(582, 1, '2019-10-05', '2019-10-05 14:43:01', '2019-10-05 15:34:49', 'AUT051019351', NULL),
	(583, 1, '2019-10-05', '2019-10-05 14:43:33', '2019-10-05 14:43:38', NULL, NULL),
	(584, 2, '2019-10-05', '2019-10-05 14:44:33', '2019-10-05 15:06:07', NULL, NULL),
	(585, 1, '2019-10-05', '2019-10-05 14:44:46', '2019-10-05 14:46:29', 'AUT051019354', NULL),
	(586, 1, '2019-10-05', '2019-10-05 14:47:18', '2019-10-05 16:18:06', 'AUT051019355', NULL),
	(587, 1, '2019-10-05', '2019-10-05 14:49:36', '2019-10-05 15:51:55', 'AUT051019356', NULL),
	(588, 1, '2019-10-05', '2019-10-05 14:50:35', '2019-10-05 15:56:19', 'AUT051019357', NULL),
	(589, 1, '2019-10-05', '2019-10-05 14:52:45', '2019-10-05 14:55:54', 'AUT051019358', NULL),
	(590, 1, '2019-10-05', '2019-10-05 14:54:26', '2019-10-05 14:56:34', 'AUT051019359', NULL),
	(591, 1, '2019-10-05', '2019-10-05 14:58:01', '2019-10-05 15:10:22', 'AUT051019360', NULL),
	(592, 2, '2019-10-05', '2019-10-05 14:58:25', '2019-10-05 17:42:34', 'MOT051019361', NULL),
	(593, 2, '2019-10-05', '2019-10-05 14:58:49', NULL, 'MOT051019362', NULL),
	(594, 2, '2019-10-05', '2019-10-05 15:01:02', '2019-10-05 15:31:13', 'MOT051019363', NULL),
	(595, 1, '2019-10-05', '2019-10-05 15:03:31', '2019-10-05 15:08:25', 'AUT051019364', NULL),
	(596, 1, '2019-10-05', '2019-10-05 15:04:07', '2019-10-05 15:08:02', 'AUT051019365', NULL),
	(597, 1, '2019-10-05', '2019-10-05 15:10:02', '2019-10-05 18:47:15', NULL, NULL),
	(598, 1, '2019-10-05', '2019-10-05 15:12:35', '2019-10-05 15:14:57', 'AUT051019367', NULL),
	(599, 1, '2019-10-05', '2019-10-05 15:13:34', '2019-10-05 15:16:51', 'AUT051019368', NULL),
	(600, 1, '2019-10-05', '2019-10-05 15:14:13', '2019-10-05 17:33:02', 'AUT051019369', NULL),
	(601, 2, '2019-10-05', '2019-10-05 15:14:57', '2019-10-05 16:30:43', 'MOT051019370', NULL),
	(602, 1, '2019-10-05', '2019-10-05 15:15:32', '2019-10-05 15:15:43', NULL, NULL),
	(603, 1, '2019-10-05', '2019-10-05 15:15:53', '2019-10-05 16:43:07', 'AUT051019372', NULL),
	(604, 1, '2019-10-05', '2019-10-05 15:17:15', '2019-10-05 15:18:29', 'AUT051019373', NULL),
	(605, 2, '2019-10-05', '2019-10-05 15:17:33', '2019-10-05 18:00:50', NULL, NULL),
	(606, 1, '2019-10-05', '2019-10-05 15:19:42', '2019-10-05 15:23:26', 'AUT051019375', NULL),
	(607, 1, '2019-10-05', '2019-10-05 15:21:23', '2019-10-05 15:28:21', 'AUT051019376', NULL),
	(608, 1, '2019-10-05', '2019-10-05 15:21:43', '2019-10-05 15:25:42', 'AUT051019377', NULL),
	(609, 1, '2019-10-05', '2019-10-05 15:22:58', '2019-10-05 19:24:07', NULL, NULL),
	(610, 1, '2019-10-05', '2019-10-05 15:23:18', '2019-10-05 17:49:33', 'AUT051019379', NULL),
	(611, 2, '2019-10-05', '2019-10-05 15:28:45', '2019-10-05 17:04:01', 'MOT051019380', NULL),
	(612, 2, '2019-10-05', '2019-10-05 15:29:35', '2019-10-05 18:30:50', 'MOT051019381', 1),
	(613, 1, '2019-10-05', '2019-10-05 15:30:35', '2019-10-05 18:45:54', NULL, NULL),
	(614, 1, '2019-10-05', '2019-10-05 15:32:23', '2019-10-05 17:10:27', NULL, NULL),
	(615, 1, '2019-10-05', '2019-10-05 15:32:53', '2019-10-05 15:35:22', 'AUT051019384', NULL),
	(616, 1, '2019-10-05', '2019-10-05 15:33:22', '2019-10-05 15:38:34', 'AUT051019385', NULL),
	(617, 1, '2019-10-05', '2019-10-05 15:35:45', '2019-10-05 15:40:38', 'AUT051019386', NULL),
	(618, 1, '2019-10-05', '2019-10-05 15:39:01', '2019-10-05 15:41:08', 'AUT051019387', NULL),
	(619, 1, '2019-10-05', '2019-10-05 15:39:40', '2019-10-05 15:39:47', NULL, NULL),
	(620, 1, '2019-10-05', '2019-10-05 15:41:19', '2019-10-05 19:33:20', NULL, NULL),
	(621, 1, '2019-10-05', '2019-10-05 15:42:02', '2019-10-05 17:18:35', NULL, NULL),
	(622, 1, '2019-10-05', '2019-10-05 15:42:38', '2019-10-05 15:44:58', 'AUT051019391', NULL),
	(623, 1, '2019-10-05', '2019-10-05 15:43:28', '2019-10-05 16:04:14', 'AUT051019392', NULL),
	(624, 1, '2019-10-05', '2019-10-05 15:45:45', '2019-10-05 15:48:35', 'AUT051019393', NULL),
	(625, 1, '2019-10-05', '2019-10-05 15:49:55', '2019-10-05 19:05:24', NULL, NULL),
	(626, 1, '2019-10-05', '2019-10-05 15:50:51', '2019-10-05 15:52:50', 'AUT051019395', NULL),
	(627, 1, '2019-10-05', '2019-10-05 15:59:09', '2019-10-05 16:03:11', 'AUT051019396', NULL),
	(628, 2, '2019-10-05', '2019-10-05 15:59:55', '2019-10-05 16:24:24', 'MOT051019397', NULL),
	(629, 1, '2019-10-05', '2019-10-05 16:04:23', '2019-10-05 16:41:55', 'AUT051019398', NULL),
	(630, 1, '2019-10-05', '2019-10-05 16:07:47', '2019-10-05 18:34:55', NULL, NULL),
	(631, 1, '2019-10-05', '2019-10-05 16:11:55', '2019-10-05 16:42:51', 'AUT051019400', NULL),
	(632, 1, '2019-10-05', '2019-10-05 16:12:25', '2019-10-05 17:36:09', NULL, NULL),
	(633, 2, '2019-10-05', '2019-10-05 16:12:48', '2019-10-05 17:05:41', NULL, NULL),
	(634, 1, '2019-10-05', '2019-10-05 16:21:45', '2019-10-05 16:25:37', 'AUT051019403', NULL),
	(635, 2, '2019-10-05', '2019-10-05 16:22:31', '2019-10-05 16:39:09', NULL, NULL),
	(636, 2, '2019-10-05', '2019-10-05 16:23:29', '2019-10-05 16:54:11', 'MOT051019405', NULL),
	(637, 1, '2019-10-05', '2019-10-05 16:32:26', '2019-10-05 16:34:53', 'AUT051019406', NULL),
	(638, 1, '2019-10-05', '2019-10-05 16:32:56', '2019-10-05 16:34:25', 'AUT051019407', NULL),
	(639, 1, '2019-10-05', '2019-10-05 16:34:06', '2019-10-05 17:03:39', NULL, NULL),
	(640, 2, '2019-10-05', '2019-10-05 16:34:23', NULL, 'MOT051019409', NULL),
	(641, 1, '2019-10-05', '2019-10-05 16:34:51', '2019-10-05 16:44:24', 'AUT051019410', NULL),
	(642, 2, '2019-10-05', '2019-10-05 16:35:15', '2019-10-05 17:19:34', 'MOT051019411', NULL),
	(643, 2, '2019-10-05', '2019-10-05 16:38:32', '2019-10-05 16:47:57', 'MOT051019412', NULL),
	(644, 1, '2019-10-05', '2019-10-05 16:40:22', '2019-10-05 18:15:31', 'AUT051019413', NULL),
	(645, 1, '2019-10-05', '2019-10-05 16:41:09', '2019-10-05 16:52:10', 'AUT051019414', NULL),
	(646, 1, '2019-10-05', '2019-10-05 16:42:30', '2019-10-05 17:44:32', 'AUT051019415', NULL),
	(647, 2, '2019-10-05', '2019-10-05 16:42:58', '2019-10-05 17:00:02', 'MOT051019416', NULL),
	(648, 1, '2019-10-05', '2019-10-05 16:43:16', '2019-10-05 19:09:14', NULL, NULL),
	(649, 1, '2019-10-05', '2019-10-05 16:43:36', '2019-10-05 16:45:43', 'AUT051019418', NULL),
	(650, 2, '2019-10-05', '2019-10-05 16:43:58', '2019-10-05 19:16:11', 'MOT051019419', NULL),
	(651, 1, '2019-10-05', '2019-10-05 16:46:07', '2019-10-05 16:46:14', NULL, NULL),
	(652, 2, '2019-10-05', '2019-10-05 16:51:59', '2019-10-05 17:09:09', 'MOT051019421', NULL),
	(653, 1, '2019-10-05', '2019-10-05 16:52:27', NULL, 'AUT051019422', NULL),
	(654, 2, '2019-10-05', '2019-10-05 16:54:39', '2019-10-05 17:19:17', 'MOT051019423', NULL),
	(655, 1, '2019-10-05', '2019-10-05 16:56:44', '2019-10-05 16:59:39', 'AUT051019424', NULL),
	(656, 1, '2019-10-05', '2019-10-05 16:57:06', '2019-10-05 18:26:48', NULL, NULL),
	(657, 1, '2019-10-05', '2019-10-05 16:57:41', '2019-10-05 19:04:59', NULL, NULL),
	(658, 1, '2019-10-05', '2019-10-05 16:59:07', '2019-10-05 18:41:33', 'AUT051019427', NULL),
	(659, 2, '2019-10-05', '2019-10-05 17:00:45', '2019-10-05 17:18:07', 'MOT051019428', NULL),
	(660, 1, '2019-10-05', '2019-10-05 17:02:15', '2019-10-05 17:46:18', NULL, NULL),
	(661, 1, '2019-10-05', '2019-10-05 17:03:34', '2019-10-05 17:27:52', NULL, NULL),
	(662, 1, '2019-10-05', '2019-10-05 17:06:05', '2019-10-05 18:32:01', 'AUT051019431', NULL),
	(663, 2, '2019-10-05', '2019-10-05 17:07:25', '2019-10-05 17:21:11', 'MOT051019432', NULL),
	(664, 1, '2019-10-05', '2019-10-05 17:08:12', '2019-10-05 17:08:18', NULL, NULL),
	(665, 2, '2019-10-05', '2019-10-05 17:10:58', '2019-10-05 17:19:49', 'MOT051019434', NULL),
	(666, 2, '2019-10-05', '2019-10-05 17:13:25', '2019-10-05 17:13:37', NULL, NULL),
	(667, 1, '2019-10-05', '2019-10-05 17:14:41', '2019-10-05 17:46:30', NULL, NULL),
	(668, 1, '2019-10-05', '2019-10-05 17:15:13', '2019-10-05 17:15:16', NULL, NULL),
	(669, 1, '2019-10-05', '2019-10-05 17:19:19', '2019-10-05 17:33:31', 'AUT051019438', NULL),
	(670, 1, '2019-10-05', '2019-10-05 17:28:17', NULL, 'AUT051019439', NULL),
	(671, 1, '2019-10-05', '2019-10-05 17:32:44', '2019-10-05 17:32:49', NULL, NULL),
	(672, 2, '2019-10-05', '2019-10-05 17:49:10', '2019-10-05 18:01:19', 'MOT051019441', NULL),
	(673, 1, '2019-10-05', '2019-10-05 17:54:56', '2019-10-05 18:38:59', 'AUT051019442', NULL),
	(674, 2, '2019-10-05', '2019-10-05 18:01:20', '2019-10-05 18:01:41', NULL, NULL),
	(675, 1, '2019-10-05', '2019-10-05 18:06:24', '2019-10-05 18:06:28', NULL, NULL),
	(676, 1, '2019-10-05', '2019-10-05 18:11:06', '2019-10-05 18:11:11', NULL, NULL),
	(677, 1, '2019-10-05', '2019-10-05 18:11:25', '2019-10-05 19:25:45', 'AUT051019446', NULL),
	(678, 2, '2019-10-05', '2019-10-05 18:15:09', '2019-10-05 18:43:49', 'MOT051019447', NULL),
	(679, 1, '2019-10-05', '2019-10-05 18:23:00', '2019-10-05 18:25:07', 'AUT051019448', NULL),
	(680, 1, '2019-10-05', '2019-10-05 18:23:38', '2019-10-05 18:24:24', 'AUT051019449', NULL),
	(681, 1, '2019-10-05', '2019-10-05 18:26:56', '2019-10-05 18:28:42', 'AUT051019450', NULL),
	(682, 2, '2019-10-05', '2019-10-05 18:27:34', '2019-10-05 18:50:11', NULL, NULL),
	(683, 1, '2019-10-05', '2019-10-05 18:38:34', '2019-10-05 18:38:42', NULL, NULL),
	(684, 1, '2019-10-05', '2019-10-05 18:58:45', NULL, 'AUT051019453', NULL),
	(685, 1, '2019-10-05', '2019-10-05 19:02:06', '2019-10-05 19:02:13', NULL, NULL),
	(686, 2, '2019-10-05', '2019-10-05 19:07:13', '2019-10-05 19:07:17', NULL, NULL),
	(687, 1, '2019-10-05', '2019-10-05 19:08:41', '2019-10-05 19:08:47', NULL, NULL),
	(688, 1, '2019-10-05', '2019-10-05 19:14:34', '2019-10-05 19:14:40', NULL, NULL),
	(689, 1, '2019-10-05', '2019-10-05 19:14:58', '2019-10-05 19:15:05', NULL, NULL),
	(690, 1, '2019-10-05', '2019-10-05 19:15:21', '2019-10-05 19:15:26', NULL, NULL),
	(691, 1, '2019-10-05', '2019-10-05 19:15:43', '2019-10-05 19:15:48', NULL, NULL),
	(692, 1, '2019-10-05', '2019-10-05 19:16:57', '2019-10-05 19:17:01', NULL, NULL),
	(693, 1, '2019-10-05', '2019-10-05 19:37:09', '2019-10-05 19:37:14', NULL, NULL),
	(694, 1, '2019-10-06', '2019-10-06 07:19:12', '2019-10-06 13:00:52', NULL, NULL),
	(695, 1, '2019-10-06', '2019-10-06 07:32:02', '2019-10-06 13:36:33', 'AUT061019002', 1),
	(696, 2, '2019-10-06', '2019-10-06 07:47:19', '2019-10-06 11:25:39', NULL, NULL),
	(697, 1, '2019-10-06', '2019-10-06 08:03:58', '2019-10-06 12:31:01', NULL, NULL),
	(698, 1, '2019-10-06', '2019-10-06 08:18:05', '2019-10-06 11:27:50', NULL, NULL),
	(699, 2, '2019-10-06', '2019-10-06 08:25:00', '2019-10-06 13:35:32', NULL, NULL),
	(700, 2, '2019-10-06', '2019-10-06 08:25:42', '2019-10-06 10:41:39', NULL, NULL),
	(701, 1, '2019-10-06', '2019-10-06 08:27:44', '2019-10-06 13:25:07', NULL, NULL),
	(702, 1, '2019-10-06', '2019-10-06 08:30:36', '2019-10-06 13:00:29', NULL, NULL),
	(703, 1, '2019-10-06', '2019-10-06 08:35:33', '2019-10-06 13:26:35', NULL, NULL),
	(704, 1, '2019-10-06', '2019-10-06 08:36:20', '2019-10-06 13:21:25', NULL, NULL),
	(705, 1, '2019-10-06', '2019-10-06 08:36:42', '2019-10-06 13:17:38', NULL, NULL),
	(706, 1, '2019-10-06', '2019-10-06 08:40:05', '2019-10-06 13:10:52', NULL, NULL),
	(707, 1, '2019-10-06', '2019-10-06 08:40:31', '2019-10-06 08:40:58', 'AUT061019014', NULL),
	(708, 2, '2019-10-06', '2019-10-06 08:46:06', '2019-10-06 13:18:36', NULL, NULL),
	(709, 2, '2019-10-06', '2019-10-06 08:49:52', '2019-10-06 12:35:20', NULL, NULL),
	(710, 2, '2019-10-06', '2019-10-06 08:54:53', '2019-10-06 12:46:29', NULL, NULL),
	(711, 1, '2019-10-06', '2019-10-06 08:55:16', '2019-10-06 13:23:04', NULL, NULL),
	(712, 2, '2019-10-06', '2019-10-06 08:57:42', '2019-10-06 13:10:06', NULL, NULL),
	(713, 2, '2019-10-06', '2019-10-06 09:00:52', '2019-10-07 08:49:10', NULL, NULL),
	(714, 1, '2019-10-06', '2019-10-06 09:04:16', '2019-10-06 09:34:55', 'AUT061019021', NULL),
	(715, 1, '2019-10-06', '2019-10-06 09:04:51', '2019-10-06 09:23:04', NULL, NULL),
	(716, 1, '2019-10-06', '2019-10-06 09:13:10', '2019-10-06 12:32:02', NULL, NULL),
	(717, 1, '2019-10-06', '2019-10-06 09:17:27', '2019-10-06 13:32:37', NULL, NULL),
	(718, 1, '2019-10-06', '2019-10-06 09:24:38', '2019-10-06 13:15:18', NULL, NULL),
	(719, 1, '2019-10-06', '2019-10-06 09:24:52', '2019-10-06 09:25:00', NULL, NULL),
	(720, 1, '2019-10-06', '2019-10-06 09:29:29', '2019-10-06 09:36:52', NULL, NULL),
	(721, 1, '2019-10-06', '2019-10-06 09:31:46', '2019-10-06 12:43:36', 'AUT061019028', NULL),
	(722, 1, '2019-10-06', '2019-10-06 09:32:35', '2019-10-06 10:57:39', 'AUT061019029', NULL),
	(723, 1, '2019-10-06', '2019-10-06 09:33:30', '2019-10-06 10:18:43', 'AUT061019030', NULL),
	(724, 2, '2019-10-06', '2019-10-06 09:40:04', '2019-10-06 12:37:38', NULL, NULL),
	(725, 1, '2019-10-06', '2019-10-06 09:46:51', '2019-10-06 11:50:52', NULL, NULL),
	(726, 1, '2019-10-06', '2019-10-06 09:53:30', NULL, 'AUT061019033', NULL),
	(727, 1, '2019-10-06', '2019-10-06 10:02:47', '2019-10-06 10:17:38', 'AUT061019034', NULL),
	(728, 1, '2019-10-06', '2019-10-06 10:07:18', '2019-10-06 13:26:02', 'AUT061019035', NULL),
	(729, 1, '2019-10-06', '2019-10-06 10:08:53', '2019-10-06 12:31:20', NULL, NULL),
	(730, 1, '2019-10-06', '2019-10-06 10:08:57', '2019-10-06 10:12:59', 'AUT061019037', NULL),
	(731, 1, '2019-10-06', '2019-10-06 10:10:46', '2019-10-06 12:26:02', NULL, NULL),
	(732, 2, '2019-10-06', '2019-10-06 10:17:09', '2019-10-06 10:52:25', 'MOT061019039', NULL),
	(733, 2, '2019-10-06', '2019-10-06 10:26:02', '2019-10-06 11:09:12', 'MOT061019040', NULL),
	(734, 1, '2019-10-06', '2019-10-06 10:26:27', '2019-10-06 13:04:23', NULL, NULL),
	(735, 1, '2019-10-06', '2019-10-06 10:28:07', '2019-10-06 11:55:38', 'AUT061019042', NULL),
	(736, 1, '2019-10-06', '2019-10-06 10:31:11', '2019-10-06 10:57:19', NULL, NULL),
	(737, 1, '2019-10-06', '2019-10-06 10:33:02', '2019-10-06 11:40:11', 'AUT061019044', NULL),
	(738, 2, '2019-10-06', '2019-10-06 10:44:57', '2019-10-06 12:40:43', NULL, NULL),
	(739, 1, '2019-10-06', '2019-10-06 10:47:33', '2019-10-06 11:15:53', NULL, NULL),
	(740, 1, '2019-10-06', '2019-10-06 10:49:29', '2019-10-06 11:22:14', 'AUT061019047', NULL),
	(741, 2, '2019-10-06', '2019-10-06 11:14:54', '2019-10-06 12:01:43', 'MOT061019048', NULL),
	(742, 1, '2019-10-06', '2019-10-06 11:17:35', '2019-10-06 13:36:02', NULL, NULL),
	(743, 1, '2019-10-06', '2019-10-06 11:17:56', '2019-10-06 13:21:55', NULL, NULL),
	(744, 1, '2019-10-06', '2019-10-06 11:18:49', '2019-10-06 11:20:25', 'AUT061019051', NULL),
	(745, 1, '2019-10-06', '2019-10-06 11:23:27', '2019-10-06 11:26:31', NULL, NULL),
	(746, 1, '2019-10-06', '2019-10-06 11:26:09', '2019-10-06 11:26:17', NULL, NULL),
	(747, 2, '2019-10-06', '2019-10-06 11:29:46', '2019-10-06 12:03:31', 'MOT061019054', NULL),
	(748, 1, '2019-10-06', '2019-10-06 11:34:00', '2019-10-06 13:18:09', 'AUT061019055', NULL),
	(749, 1, '2019-10-06', '2019-10-06 11:34:40', '2019-10-06 11:35:05', 'AUT061019056', NULL),
	(750, 2, '2019-10-06', '2019-10-06 11:36:27', '2019-10-06 11:57:43', 'MOT061019057', NULL),
	(751, 1, '2019-10-06', '2019-10-06 11:36:52', '2019-10-06 12:59:55', NULL, NULL),
	(752, 1, '2019-10-06', '2019-10-06 11:40:20', '2019-10-06 11:49:44', NULL, NULL),
	(753, 1, '2019-10-06', '2019-10-06 11:47:50', '2019-10-06 11:48:15', 'AUT061019060', NULL),
	(754, 2, '2019-10-06', '2019-10-06 11:49:10', '2019-10-06 12:44:30', 'MOT061019061', NULL),
	(755, 2, '2019-10-06', '2019-10-06 11:51:54', '2019-10-06 13:18:24', NULL, NULL),
	(756, 1, '2019-10-06', '2019-10-06 12:09:21', '2019-10-06 12:38:02', 'AUT061019063', NULL),
	(757, 1, '2019-10-06', '2019-10-06 12:13:09', '2019-10-06 13:15:01', 'AUT061019064', NULL),
	(758, 1, '2019-10-06', '2019-10-06 12:16:03', '2019-10-06 12:16:46', 'AUT061019065', NULL),
	(759, 1, '2019-10-06', '2019-10-06 12:16:22', '2019-10-06 12:54:11', 'AUT061019066', NULL),
	(760, 1, '2019-10-06', '2019-10-06 12:25:30', '2019-10-06 12:38:15', 'AUT061019067', NULL),
	(761, 2, '2019-10-06', '2019-10-06 12:27:20', '2019-10-06 13:19:32', NULL, NULL),
	(762, 1, '2019-10-06', '2019-10-06 12:32:20', '2019-10-06 12:32:29', NULL, NULL),
	(763, 1, '2019-10-06', '2019-10-06 12:37:01', '2019-10-06 12:37:27', 'AUT061019070', NULL),
	(764, 1, '2019-10-06', '2019-10-06 12:52:31', '2019-10-06 12:52:38', NULL, NULL),
	(765, 1, '2019-10-06', '2019-10-06 12:53:16', '2019-10-06 12:53:23', NULL, NULL),
	(766, 1, '2019-10-06', '2019-10-06 13:04:39', '2019-10-06 13:04:45', NULL, NULL),
	(767, 1, '2019-10-06', '2019-10-06 13:19:08', '2019-10-06 13:19:15', NULL, NULL),
	(768, 2, '2019-10-07', '2019-10-07 06:57:08', '2019-10-07 12:36:52', NULL, NULL),
	(769, 1, '2019-10-07', '2019-10-07 06:57:32', '2019-10-07 18:48:28', NULL, NULL),
	(770, 1, '2019-10-07', '2019-10-07 06:58:28', '2019-10-07 16:57:37', NULL, NULL),
	(771, 1, '2019-10-07', '2019-10-07 06:59:10', '2019-10-07 18:59:49', NULL, NULL),
	(772, 1, '2019-10-07', '2019-10-07 07:01:39', '2019-10-07 19:01:46', NULL, NULL),
	(773, 1, '2019-10-07', '2019-10-07 07:02:46', '2019-10-07 19:04:27', NULL, NULL),
	(774, 1, '2019-10-07', '2019-10-07 07:03:13', '2019-10-07 07:15:09', 'AUT071019007', NULL),
	(775, 2, '2019-10-07', '2019-10-07 07:04:59', '2019-10-07 10:30:31', 'MOT071019008', NULL),
	(776, 1, '2019-10-07', '2019-10-07 07:12:15', '2019-10-07 10:33:19', NULL, NULL),
	(777, 1, '2019-10-07', '2019-10-07 07:15:41', '2019-10-07 19:28:11', NULL, NULL),
	(778, 2, '2019-10-07', '2019-10-07 07:38:04', NULL, 'MOT071019011', NULL),
	(779, 1, '2019-10-07', '2019-10-07 07:39:10', '2019-10-07 07:39:53', 'AUT071019012', NULL),
	(780, 1, '2019-10-07', '2019-10-07 07:39:54', '2019-10-07 13:18:15', NULL, NULL),
	(781, 2, '2019-10-07', '2019-10-07 07:40:57', '2019-10-07 15:27:53', NULL, NULL),
	(782, 1, '2019-10-07', '2019-10-07 07:42:06', NULL, 'AUT071019015', NULL),
	(783, 2, '2019-10-07', '2019-10-07 07:42:55', '2019-10-07 17:05:07', NULL, NULL),
	(784, 1, '2019-10-07', '2019-10-07 07:43:32', NULL, 'AUT071019017', NULL),
	(785, 2, '2019-10-07', '2019-10-07 07:44:01', '2019-10-07 18:23:20', NULL, NULL),
	(786, 1, '2019-10-07', '2019-10-07 07:45:03', '2019-10-07 08:38:02', NULL, NULL),
	(787, 1, '2019-10-07', '2019-10-07 07:45:22', '2019-10-07 19:39:37', NULL, NULL),
	(788, 1, '2019-10-07', '2019-10-07 07:47:10', '2019-10-07 19:15:10', 'AUT071019021', NULL),
	(789, 2, '2019-10-07', '2019-10-07 07:50:00', '2019-10-07 08:00:10', 'MOT071019022', NULL),
	(790, 1, '2019-10-07', '2019-10-07 07:53:02', '2019-10-07 18:59:23', 'AUT071019023', NULL),
	(791, 2, '2019-10-07', '2019-10-07 07:55:15', '2019-10-07 17:37:40', NULL, NULL),
	(792, 2, '2019-10-07', '2019-10-07 07:56:26', '2019-10-07 19:18:54', NULL, NULL),
	(793, 1, '2019-10-07', '2019-10-07 07:57:04', NULL, 'AUT071019026', NULL),
	(794, 2, '2019-10-07', '2019-10-07 08:00:24', '2019-10-07 12:35:26', NULL, NULL),
	(795, 2, '2019-10-07', '2019-10-07 08:01:19', '2019-10-07 11:35:01', NULL, NULL),
	(796, 1, '2019-10-07', '2019-10-07 08:02:36', '2019-10-07 19:02:29', NULL, NULL),
	(797, 1, '2019-10-07', '2019-10-07 08:03:23', '2019-10-07 18:10:28', NULL, NULL),
	(798, 2, '2019-10-07', '2019-10-07 08:03:57', '2019-10-07 10:45:50', NULL, NULL),
	(799, 2, '2019-10-07', '2019-10-07 08:04:32', '2019-10-07 13:43:40', NULL, NULL),
	(800, 1, '2019-10-07', '2019-10-07 08:04:42', '2019-10-07 16:41:09', NULL, NULL),
	(801, 1, '2019-10-07', '2019-10-07 08:05:58', '2019-10-07 08:36:10', 'AUT071019034', NULL),
	(802, 1, '2019-10-07', '2019-10-07 08:06:26', '2019-10-07 11:07:39', 'AUT071019035', NULL),
	(803, 1, '2019-10-07', '2019-10-07 08:06:56', '2019-10-07 12:24:43', NULL, NULL),
	(804, 1, '2019-10-07', '2019-10-07 08:07:52', '2019-10-07 19:06:42', 'AUT071019037', 1),
	(805, 1, '2019-10-07', '2019-10-07 08:08:22', '2019-10-07 19:12:34', NULL, NULL),
	(806, 2, '2019-10-07', '2019-10-07 08:08:37', '2019-10-07 17:01:53', NULL, NULL),
	(807, 1, '2019-10-07', '2019-10-07 08:08:59', '2019-10-07 19:31:43', NULL, NULL),
	(808, 1, '2019-10-07', '2019-10-07 08:09:36', '2019-10-07 12:34:39', 'AUT071019041', NULL),
	(809, 1, '2019-10-07', '2019-10-07 08:10:17', '2019-10-07 18:08:47', 'AUT071019042', NULL),
	(810, 1, '2019-10-07', '2019-10-07 08:10:42', '2019-10-07 09:40:26', NULL, NULL),
	(811, 1, '2019-10-07', '2019-10-07 08:11:28', '2019-10-07 12:06:50', 'AUT071019044', NULL),
	(812, 2, '2019-10-07', '2019-10-07 08:11:49', '2019-10-07 19:16:01', NULL, NULL),
	(813, 2, '2019-10-07', '2019-10-07 08:12:00', '2019-10-07 10:31:23', NULL, NULL),
	(814, 1, '2019-10-07', '2019-10-07 08:13:08', NULL, 'AUT071019047', NULL),
	(815, 2, '2019-10-07', '2019-10-07 08:13:43', '2019-10-07 08:14:18', NULL, NULL),
	(816, 2, '2019-10-07', '2019-10-07 08:14:25', NULL, NULL, NULL),
	(817, 1, '2019-10-07', '2019-10-07 08:17:16', '2019-10-07 13:22:32', NULL, NULL),
	(818, 1, '2019-10-07', '2019-10-07 08:17:48', '2019-10-07 18:41:41', NULL, NULL),
	(819, 1, '2019-10-07', '2019-10-07 08:20:01', '2019-10-07 18:11:48', NULL, NULL),
	(820, 1, '2019-10-07', '2019-10-07 08:22:15', '2019-10-07 17:26:25', NULL, NULL),
	(821, 1, '2019-10-07', '2019-10-07 08:26:20', '2019-10-07 18:54:06', NULL, NULL),
	(822, 1, '2019-10-07', '2019-10-07 08:28:24', '2019-10-07 12:54:17', NULL, NULL),
	(823, 2, '2019-10-07', '2019-10-07 08:29:02', '2019-10-07 16:48:52', NULL, NULL),
	(824, 1, '2019-10-07', '2019-10-07 08:29:15', '2019-10-07 18:17:32', NULL, NULL),
	(825, 1, '2019-10-07', '2019-10-07 08:30:36', '2019-10-07 08:53:36', 'AUT071019058', NULL),
	(826, 1, '2019-10-07', '2019-10-07 08:31:36', '2019-10-07 09:21:04', 'AUT071019059', NULL),
	(827, 1, '2019-10-07', '2019-10-07 08:34:02', '2019-10-07 08:34:36', NULL, NULL),
	(828, 1, '2019-10-07', '2019-10-07 08:34:42', '2019-10-07 18:24:25', NULL, NULL),
	(829, 1, '2019-10-07', '2019-10-07 08:35:02', '2019-10-07 18:39:09', NULL, NULL),
	(830, 2, '2019-10-07', '2019-10-07 08:35:21', '2019-10-07 18:25:12', NULL, NULL),
	(831, 2, '2019-10-07', '2019-10-07 08:36:02', '2019-10-07 16:27:09', NULL, NULL),
	(832, 2, '2019-10-07', '2019-10-07 08:36:30', '2019-10-07 19:01:00', 'MOT071019065', 1),
	(833, 2, '2019-10-07', '2019-10-07 08:37:47', '2019-10-07 18:45:32', 'MOT071019066', NULL),
	(834, 1, '2019-10-07', '2019-10-07 08:43:46', '2019-10-07 09:05:04', 'AUT071019067', NULL),
	(835, 2, '2019-10-07', '2019-10-07 08:45:14', '2019-10-07 09:44:04', NULL, NULL),
	(836, 1, '2019-10-07', '2019-10-07 08:48:22', '2019-10-07 09:22:06', 'AUT071019069', NULL),
	(837, 2, '2019-10-07', '2019-10-07 08:49:16', '2019-10-07 19:33:42', NULL, NULL),
	(838, 1, '2019-10-07', '2019-10-07 08:49:43', '2019-10-07 11:40:02', 'AUT071019071', NULL),
	(839, 1, '2019-10-07', '2019-10-07 08:50:41', '2019-10-07 19:28:24', NULL, NULL),
	(840, 1, '2019-10-07', '2019-10-07 08:51:27', '2019-10-07 19:12:48', NULL, NULL),
	(841, 1, '2019-10-07', '2019-10-07 08:52:01', '2019-10-07 09:18:41', 'AUT071019074', NULL),
	(842, 1, '2019-10-07', '2019-10-07 08:52:42', '2019-10-07 19:02:57', NULL, NULL),
	(843, 2, '2019-10-07', '2019-10-07 08:58:51', '2019-10-07 18:49:44', NULL, NULL),
	(844, 2, '2019-10-07', '2019-10-07 08:59:49', '2019-10-07 19:00:06', 'MOT071019077', NULL),
	(845, 1, '2019-10-07', '2019-10-07 09:00:42', '2019-10-07 19:18:31', 'AUT071019078', NULL),
	(846, 2, '2019-10-07', '2019-10-07 09:01:27', '2019-10-07 12:29:30', 'MOT071019079', NULL),
	(847, 2, '2019-10-07', '2019-10-07 09:03:34', NULL, 'MOT071019080', NULL),
	(848, 1, '2019-10-07', '2019-10-07 09:04:12', '2019-10-07 09:14:17', 'AUT071019081', NULL),
	(849, 1, '2019-10-07', '2019-10-07 09:04:37', '2019-10-07 11:48:15', 'AUT071019082', NULL),
	(850, 1, '2019-10-07', '2019-10-07 09:05:05', '2019-10-07 19:41:55', NULL, NULL),
	(851, 1, '2019-10-07', '2019-10-07 09:05:23', '2019-10-07 11:07:04', NULL, NULL),
	(852, 1, '2019-10-07', '2019-10-07 09:06:17', '2019-10-07 17:52:17', NULL, NULL),
	(853, 1, '2019-10-07', '2019-10-07 09:07:02', '2019-10-07 17:14:24', 'AUT071019086', NULL),
	(854, 1, '2019-10-07', '2019-10-07 09:09:15', '2019-10-07 09:13:45', NULL, NULL),
	(855, 1, '2019-10-07', '2019-10-07 09:10:57', '2019-10-07 15:38:36', NULL, NULL),
	(856, 2, '2019-10-07', '2019-10-07 09:11:15', '2019-10-07 19:18:08', 'MOT071019089', 1),
	(857, 1, '2019-10-07', '2019-10-07 09:16:05', NULL, NULL, NULL),
	(858, 1, '2019-10-07', '2019-10-07 09:17:58', '2019-10-07 18:52:00', NULL, NULL),
	(859, 1, '2019-10-07', '2019-10-07 09:18:29', '2019-10-07 18:47:41', NULL, NULL),
	(860, 1, '2019-10-07', '2019-10-07 09:19:21', '2019-10-07 19:12:15', NULL, NULL),
	(861, 1, '2019-10-07', '2019-10-07 09:19:36', '2019-10-07 18:24:45', NULL, NULL),
	(862, 1, '2019-10-07', '2019-10-07 09:26:42', '2019-10-07 12:58:30', 'AUT071019095', NULL),
	(863, 1, '2019-10-07', '2019-10-07 09:27:18', '2019-10-07 19:10:29', NULL, NULL),
	(864, 1, '2019-10-07', '2019-10-07 09:27:38', '2019-10-07 12:30:35', NULL, NULL),
	(865, 2, '2019-10-07', '2019-10-07 09:28:33', '2019-10-07 18:52:21', 'MOT071019098', NULL),
	(866, 1, '2019-10-07', '2019-10-07 09:30:56', '2019-10-07 19:03:46', NULL, NULL),
	(867, 1, '2019-10-07', '2019-10-07 09:32:35', '2019-10-07 18:14:37', NULL, NULL),
	(868, 1, '2019-10-07', '2019-10-07 09:35:40', '2019-10-07 09:37:40', 'AUT071019101', NULL),
	(869, 1, '2019-10-07', '2019-10-07 09:36:41', '2019-10-07 19:23:39', 'AUT071019102', NULL),
	(870, 2, '2019-10-07', '2019-10-07 09:37:15', '2019-10-07 10:18:18', NULL, NULL),
	(871, 2, '2019-10-07', '2019-10-07 09:37:29', '2019-10-07 11:38:41', 'MOT071019104', NULL),
	(872, 1, '2019-10-07', '2019-10-07 09:38:33', '2019-10-07 12:00:07', NULL, NULL),
	(873, 1, '2019-10-07', '2019-10-07 09:39:54', NULL, 'AUT071019106', NULL),
	(874, 1, '2019-10-07', '2019-10-07 09:40:29', '2019-10-07 09:43:39', NULL, NULL),
	(875, 1, '2019-10-07', '2019-10-07 09:42:40', '2019-10-07 19:41:42', NULL, NULL),
	(876, 1, '2019-10-07', '2019-10-07 09:43:12', '2019-10-07 09:45:45', 'AUT071019109', NULL),
	(877, 1, '2019-10-07', '2019-10-07 09:44:02', '2019-10-07 19:27:18', NULL, NULL),
	(878, 1, '2019-10-07', '2019-10-07 09:44:44', '2019-10-07 19:03:31', NULL, NULL),
	(879, 1, '2019-10-07', '2019-10-07 09:45:17', '2019-10-07 09:49:38', 'AUT071019112', NULL),
	(880, 1, '2019-10-07', '2019-10-07 09:49:05', '2019-10-07 12:18:00', 'AUT071019113', NULL),
	(881, 1, '2019-10-07', '2019-10-07 09:49:42', '2019-10-07 16:48:32', NULL, NULL),
	(882, 1, '2019-10-07', '2019-10-07 09:52:00', '2019-10-07 11:20:06', 'AUT071019115', NULL),
	(883, 1, '2019-10-07', '2019-10-07 09:53:15', '2019-10-07 19:22:33', NULL, NULL),
	(884, 2, '2019-10-07', '2019-10-07 09:55:25', '2019-10-07 13:06:04', NULL, NULL),
	(885, 1, '2019-10-07', '2019-10-07 09:58:11', '2019-10-07 10:01:53', 'AUT071019118', NULL),
	(886, 1, '2019-10-07', '2019-10-07 09:58:33', '2019-10-07 19:29:21', NULL, NULL),
	(887, 1, '2019-10-07', '2019-10-07 09:59:15', '2019-10-07 15:26:31', NULL, NULL),
	(888, 1, '2019-10-07', '2019-10-07 10:01:07', '2019-10-07 13:58:22', NULL, NULL),
	(889, 1, '2019-10-07', '2019-10-07 10:03:04', NULL, 'AUT071019122', NULL),
	(890, 1, '2019-10-07', '2019-10-07 10:03:36', '2019-10-07 10:04:29', 'AUT071019123', NULL),
	(891, 1, '2019-10-07', '2019-10-07 10:03:40', '2019-10-07 19:21:04', NULL, NULL),
	(892, 1, '2019-10-07', '2019-10-07 10:04:08', '2019-10-07 18:55:31', NULL, NULL),
	(893, 1, '2019-10-07', '2019-10-07 10:04:39', '2019-10-07 14:45:22', NULL, NULL),
	(894, 1, '2019-10-07', '2019-10-07 10:06:28', '2019-10-07 11:25:32', NULL, NULL),
	(895, 1, '2019-10-07', '2019-10-07 10:07:51', '2019-10-07 16:30:10', NULL, NULL),
	(896, 1, '2019-10-07', '2019-10-07 10:10:23', NULL, 'AUT071019129', NULL),
	(897, 1, '2019-10-07', '2019-10-07 10:11:12', '2019-10-07 15:43:17', NULL, NULL),
	(898, 1, '2019-10-07', '2019-10-07 10:15:31', '2019-10-07 18:26:16', NULL, NULL),
	(899, 1, '2019-10-07', '2019-10-07 10:18:56', '2019-10-07 16:06:46', NULL, NULL),
	(900, 1, '2019-10-07', '2019-10-07 10:23:10', '2019-10-07 18:33:57', NULL, NULL),
	(901, 1, '2019-10-07', '2019-10-07 10:32:00', '2019-10-07 10:34:49', 'AUT071019134', NULL),
	(902, 1, '2019-10-07', '2019-10-07 10:35:55', '2019-10-07 10:38:38', 'AUT071019135', NULL),
	(903, 2, '2019-10-07', '2019-10-07 10:39:53', '2019-10-07 11:33:14', 'MOT071019136', NULL),
	(904, 1, '2019-10-07', '2019-10-07 10:43:10', '2019-10-07 10:50:45', 'AUT071019137', NULL),
	(905, 1, '2019-10-07', '2019-10-07 10:43:57', '2019-10-07 17:14:37', NULL, NULL),
	(906, 1, '2019-10-07', '2019-10-07 10:46:23', '2019-10-07 10:48:52', 'AUT071019139', NULL),
	(907, 2, '2019-10-07', '2019-10-07 10:48:39', '2019-10-07 10:49:48', 'MOT071019140', NULL),
	(908, 2, '2019-10-07', '2019-10-07 10:54:19', '2019-10-07 13:25:54', NULL, NULL),
	(909, 1, '2019-10-07', '2019-10-07 10:54:52', '2019-10-07 17:06:08', 'AUT071019142', NULL),
	(910, 1, '2019-10-07', '2019-10-07 10:58:37', '2019-10-07 11:00:49', 'AUT071019143', NULL),
	(911, 1, '2019-10-07', '2019-10-07 10:58:55', '2019-10-07 11:01:38', 'AUT071019144', NULL),
	(912, 1, '2019-10-07', '2019-10-07 11:01:14', '2019-10-07 15:26:09', 'AUT071019145', NULL),
	(913, 1, '2019-10-07', '2019-10-07 11:02:42', '2019-10-07 11:40:48', NULL, NULL),
	(914, 1, '2019-10-07', '2019-10-07 11:03:08', '2019-10-07 11:06:25', 'AUT071019147', NULL),
	(915, 1, '2019-10-07', '2019-10-07 11:03:25', '2019-10-07 11:14:23', 'AUT071019148', NULL),
	(916, 3, '2019-10-07', '2019-10-07 11:08:30', '2019-10-07 11:17:27', 'BIC071019149', NULL),
	(917, 2, '2019-10-07', '2019-10-07 11:09:54', '2019-10-07 14:19:01', NULL, NULL),
	(918, 1, '2019-10-07', '2019-10-07 11:14:49', '2019-10-07 11:41:16', 'AUT071019151', NULL),
	(919, 1, '2019-10-07', '2019-10-07 11:15:18', '2019-10-07 11:16:50', NULL, NULL),
	(920, 2, '2019-10-07', '2019-10-07 11:16:37', '2019-10-07 11:33:04', 'MOT071019153', NULL),
	(921, 1, '2019-10-07', '2019-10-07 11:17:43', '2019-10-07 11:19:40', 'AUT071019154', NULL),
	(922, 1, '2019-10-07', '2019-10-07 11:18:36', '2019-10-07 11:27:41', 'AUT071019155', NULL),
	(923, 1, '2019-10-07', '2019-10-07 11:20:34', '2019-10-07 11:22:29', 'AUT071019156', NULL),
	(924, 1, '2019-10-07', '2019-10-07 11:23:26', '2019-10-07 11:25:15', 'AUT071019157', NULL),
	(925, 2, '2019-10-07', '2019-10-07 11:25:59', '2019-10-07 18:19:23', 'MOT071019158', NULL),
	(926, 2, '2019-10-07', '2019-10-07 11:28:13', '2019-10-07 11:48:39', 'MOT071019159', NULL),
	(927, 1, '2019-10-07', '2019-10-07 11:29:06', '2019-10-07 11:35:13', 'AUT071019160', NULL),
	(928, 1, '2019-10-07', '2019-10-07 11:29:36', '2019-10-07 11:31:31', 'AUT071019161', NULL),
	(929, 1, '2019-10-07', '2019-10-07 11:29:40', '2019-10-07 11:30:22', 'AUT071019162', NULL),
	(930, 1, '2019-10-07', '2019-10-07 11:31:31', '2019-10-07 11:34:46', 'AUT071019163', NULL),
	(931, 1, '2019-10-07', '2019-10-07 11:35:06', '2019-10-07 11:36:03', 'AUT071019164', NULL),
	(932, 1, '2019-10-07', '2019-10-07 11:36:38', '2019-10-07 11:40:21', NULL, NULL),
	(933, 1, '2019-10-07', '2019-10-07 11:37:14', '2019-10-07 11:39:43', 'AUT071019166', NULL),
	(934, 2, '2019-10-07', '2019-10-07 11:37:31', '2019-10-07 13:57:04', NULL, NULL),
	(935, 1, '2019-10-07', '2019-10-07 11:38:18', '2019-10-07 11:45:16', 'AUT071019168', NULL),
	(936, 2, '2019-10-07', '2019-10-07 11:38:56', NULL, 'MOT071019169', NULL),
	(937, 1, '2019-10-07', '2019-10-07 11:41:45', '2019-10-07 19:12:00', 'AUT071019170', NULL),
	(938, 1, '2019-10-07', '2019-10-07 11:42:40', '2019-10-07 17:20:08', 'AUT071019171', NULL),
	(939, 1, '2019-10-07', '2019-10-07 11:49:49', '2019-10-07 14:42:46', NULL, NULL),
	(940, 1, '2019-10-07', '2019-10-07 11:50:26', '2019-10-07 12:04:28', 'AUT071019173', NULL),
	(941, 1, '2019-10-07', '2019-10-07 11:51:05', '2019-10-07 11:53:45', 'AUT071019174', NULL),
	(942, 1, '2019-10-07', '2019-10-07 11:54:54', '2019-10-07 13:09:25', 'AUT071019175', NULL),
	(943, 1, '2019-10-07', '2019-10-07 11:55:25', '2019-10-07 13:00:10', NULL, NULL),
	(944, 1, '2019-10-07', '2019-10-07 11:58:12', '2019-10-07 17:46:34', 'AUT071019177', NULL),
	(945, 1, '2019-10-07', '2019-10-07 11:59:01', '2019-10-07 12:05:02', 'AUT071019178', NULL),
	(946, 2, '2019-10-07', '2019-10-07 12:01:55', '2019-10-07 18:23:42', NULL, NULL),
	(947, 1, '2019-10-07', '2019-10-07 12:08:26', '2019-10-07 12:10:38', 'AUT071019180', NULL),
	(948, 2, '2019-10-07', '2019-10-07 12:09:31', '2019-10-07 12:11:17', NULL, NULL),
	(949, 1, '2019-10-07', '2019-10-07 12:12:14', '2019-10-07 12:14:27', 'AUT071019182', NULL),
	(950, 1, '2019-10-07', '2019-10-07 12:13:06', '2019-10-07 12:55:14', NULL, NULL),
	(951, 1, '2019-10-07', '2019-10-07 12:15:41', '2019-10-07 17:57:48', NULL, NULL),
	(952, 1, '2019-10-07', '2019-10-07 12:17:36', '2019-10-07 18:47:21', NULL, NULL),
	(953, 1, '2019-10-07', '2019-10-07 12:21:08', '2019-10-07 12:22:31', 'AUT071019186', NULL),
	(954, 2, '2019-10-07', '2019-10-07 12:22:19', '2019-10-07 14:38:15', NULL, NULL),
	(955, 2, '2019-10-07', '2019-10-07 12:25:00', '2019-10-07 12:55:57', 'MOT071019188', NULL),
	(956, 2, '2019-10-07', '2019-10-07 12:30:34', '2019-10-07 13:39:25', 'MOT071019189', NULL),
	(957, 1, '2019-10-07', '2019-10-07 12:32:18', '2019-10-07 19:39:13', NULL, NULL),
	(958, 1, '2019-10-07', '2019-10-07 12:33:14', '2019-10-07 12:53:06', 'AUT071019191', NULL),
	(959, 2, '2019-10-07', '2019-10-07 12:38:10', '2019-10-07 17:30:26', NULL, NULL),
	(960, 1, '2019-10-07', '2019-10-07 12:42:40', '2019-10-07 13:00:47', 'AUT071019193', NULL),
	(961, 2, '2019-10-07', '2019-10-07 12:52:28', '2019-10-07 16:17:40', NULL, NULL),
	(962, 2, '2019-10-07', '2019-10-07 13:01:09', '2019-10-07 13:43:00', NULL, NULL),
	(963, 2, '2019-10-07', '2019-10-07 13:10:02', '2019-10-07 19:11:34', NULL, NULL),
	(964, 1, '2019-10-07', '2019-10-07 13:12:35', '2019-10-07 13:13:45', 'AUT071019197', NULL),
	(965, 1, '2019-10-07', '2019-10-07 13:12:39', '2019-10-07 13:13:20', NULL, NULL),
	(966, 1, '2019-10-07', '2019-10-07 13:13:27', '2019-10-07 18:36:03', NULL, NULL),
	(967, 1, '2019-10-07', '2019-10-07 13:14:18', '2019-10-07 19:04:12', NULL, NULL),
	(968, 1, '2019-10-07', '2019-10-07 13:17:54', '2019-10-07 15:30:24', 'AUT071019201', NULL),
	(969, 1, '2019-10-07', '2019-10-07 13:25:44', '2019-10-07 13:27:27', 'AUT071019202', NULL),
	(970, 1, '2019-10-07', '2019-10-07 13:26:43', '2019-10-07 16:15:13', NULL, NULL),
	(971, 1, '2019-10-07', '2019-10-07 13:27:05', '2019-10-07 18:29:29', NULL, NULL),
	(972, 1, '2019-10-07', '2019-10-07 13:32:40', '2019-10-07 19:01:59', NULL, NULL),
	(973, 1, '2019-10-07', '2019-10-07 13:33:17', '2019-10-07 14:52:44', NULL, NULL),
	(974, 2, '2019-10-07', '2019-10-07 13:36:02', '2019-10-07 18:53:50', NULL, NULL),
	(975, 1, '2019-10-07', '2019-10-07 13:39:36', '2019-10-07 13:41:43', 'AUT071019208', NULL),
	(976, 2, '2019-10-07', '2019-10-07 13:41:43', '2019-10-07 17:04:20', NULL, NULL),
	(977, 2, '2019-10-07', '2019-10-07 13:42:36', '2019-10-07 13:57:24', NULL, NULL),
	(978, 1, '2019-10-07', '2019-10-07 13:43:03', '2019-10-07 13:44:58', 'AUT071019211', NULL),
	(979, 1, '2019-10-07', '2019-10-07 13:47:57', '2019-10-07 16:06:13', NULL, NULL),
	(980, 1, '2019-10-07', '2019-10-07 13:50:07', '2019-10-07 18:30:27', NULL, NULL),
	(981, 1, '2019-10-07', '2019-10-07 13:52:45', '2019-10-07 18:45:43', NULL, NULL),
	(982, 1, '2019-10-07', '2019-10-07 13:55:07', '2019-10-07 14:02:07', 'AUT071019215', NULL),
	(983, 1, '2019-10-07', '2019-10-07 14:01:59', '2019-10-07 14:08:47', 'AUT071019216', NULL),
	(984, 2, '2019-10-07', '2019-10-07 14:02:16', '2019-10-07 19:00:21', NULL, NULL),
	(985, 2, '2019-10-07', '2019-10-07 14:05:13', '2019-10-07 14:24:19', NULL, NULL),
	(986, 2, '2019-10-07', '2019-10-07 14:06:12', '2019-10-07 14:54:06', 'MOT071019219', NULL),
	(987, 1, '2019-10-07', '2019-10-07 14:08:25', '2019-10-07 14:12:17', 'AUT071019220', NULL),
	(988, 1, '2019-10-07', '2019-10-07 14:09:25', '2019-10-07 18:03:50', NULL, NULL),
	(989, 2, '2019-10-07', '2019-10-07 14:12:14', '2019-10-07 16:31:54', 'MOT071019222', NULL),
	(990, 1, '2019-10-07', '2019-10-07 14:13:13', '2019-10-07 18:49:03', 'AUT071019223', NULL),
	(991, 1, '2019-10-07', '2019-10-07 14:13:40', '2019-10-07 17:25:57', 'AUT071019224', NULL),
	(992, 1, '2019-10-07', '2019-10-07 14:13:46', '2019-10-07 14:13:52', NULL, NULL),
	(993, 1, '2019-10-07', '2019-10-07 14:16:47', '2019-10-07 18:39:20', NULL, NULL),
	(994, 2, '2019-10-07', '2019-10-07 14:17:09', '2019-10-07 19:24:47', 'MOT071019227', NULL),
	(995, 1, '2019-10-07', '2019-10-07 14:20:18', '2019-10-07 18:39:01', 'AUT071019228', NULL),
	(996, 2, '2019-10-07', '2019-10-07 14:24:22', '2019-10-07 15:23:51', 'MOT071019229', NULL),
	(997, 1, '2019-10-07', '2019-10-07 14:26:53', '2019-10-07 14:29:32', 'AUT071019230', NULL),
	(998, 1, '2019-10-07', '2019-10-07 14:28:03', '2019-10-07 18:31:24', NULL, NULL),
	(999, 2, '2019-10-07', '2019-10-07 14:30:36', '2019-10-07 19:10:45', NULL, NULL),
	(1000, 1, '2019-10-07', '2019-10-07 14:35:03', '2019-10-07 14:37:33', 'AUT071019233', NULL),
	(1001, 1, '2019-10-07', '2019-10-07 14:36:02', '2019-10-07 18:33:28', NULL, NULL),
	(1002, 2, '2019-10-07', '2019-10-07 14:37:24', '2019-10-07 14:43:49', 'MOT071019235', NULL),
	(1003, 2, '2019-10-07', '2019-10-07 14:39:29', '2019-10-07 18:55:51', NULL, NULL),
	(1004, 1, '2019-10-07', '2019-10-07 14:39:51', '2019-10-07 14:42:08', 'AUT071019237', NULL),
	(1005, 1, '2019-10-07', '2019-10-07 14:41:34', '2019-10-07 15:20:58', NULL, NULL),
	(1006, 1, '2019-10-07', '2019-10-07 14:42:58', '2019-10-07 14:44:23', 'AUT071019239', NULL),
	(1007, 1, '2019-10-07', '2019-10-07 14:44:06', '2019-10-07 14:48:58', 'AUT071019240', NULL),
	(1008, 1, '2019-10-07', '2019-10-07 14:44:38', '2019-10-07 14:49:36', 'AUT071019241', NULL),
	(1009, 2, '2019-10-07', '2019-10-07 14:45:25', '2019-10-07 14:54:37', 'MOT071019242', NULL),
	(1010, 2, '2019-10-07', '2019-10-07 14:45:39', '2019-10-07 19:09:53', NULL, NULL),
	(1011, 1, '2019-10-07', '2019-10-07 14:46:17', '2019-10-07 19:07:54', NULL, NULL),
	(1012, 1, '2019-10-07', '2019-10-07 14:50:32', '2019-10-07 14:53:11', 'AUT071019245', NULL),
	(1013, 1, '2019-10-07', '2019-10-07 14:52:47', '2019-10-07 14:55:38', 'AUT071019246', NULL),
	(1014, 2, '2019-10-07', '2019-10-07 14:54:12', '2019-10-07 15:09:23', 'MOT071019247', NULL),
	(1015, 1, '2019-10-07', '2019-10-07 14:55:30', '2019-10-07 14:58:39', 'AUT071019248', NULL),
	(1016, 1, '2019-10-07', '2019-10-07 14:56:09', '2019-10-07 14:58:07', 'AUT071019249', NULL),
	(1017, 1, '2019-10-07', '2019-10-07 14:57:54', NULL, 'AUT071019250', NULL),
	(1018, 2, '2019-10-07', '2019-10-07 14:58:34', '2019-10-07 15:18:19', 'MOT071019251', NULL),
	(1019, 1, '2019-10-07', '2019-10-07 14:59:52', '2019-10-07 15:04:21', 'AUT071019252', NULL),
	(1020, 1, '2019-10-07', '2019-10-07 15:00:28', '2019-10-07 15:03:59', 'AUT071019253', NULL),
	(1021, 2, '2019-10-07', '2019-10-07 15:01:12', '2019-10-07 19:27:43', 'MOT071019254', NULL),
	(1022, 2, '2019-10-07', '2019-10-07 15:01:52', '2019-10-07 19:09:46', NULL, NULL),
	(1023, 1, '2019-10-07', '2019-10-07 15:03:18', '2019-10-07 15:49:31', NULL, NULL),
	(1024, 1, '2019-10-07', '2019-10-07 15:08:11', '2019-10-07 18:45:00', 'AUT071019257', NULL),
	(1025, 1, '2019-10-07', '2019-10-07 15:10:42', '2019-10-07 15:12:24', 'AUT071019258', NULL),
	(1026, 2, '2019-10-07', '2019-10-07 15:10:59', '2019-10-07 15:23:10', 'MOT071019259', NULL),
	(1027, 2, '2019-10-07', '2019-10-07 15:11:54', '2019-10-07 15:38:18', 'MOT071019260', NULL),
	(1028, 1, '2019-10-07', '2019-10-07 15:23:26', '2019-10-07 17:54:41', NULL, NULL),
	(1029, 2, '2019-10-07', '2019-10-07 15:24:00', '2019-10-07 15:48:48', 'MOT071019262', NULL),
	(1030, 1, '2019-10-07', '2019-10-07 15:27:40', '2019-10-07 15:29:14', 'AUT071019263', NULL),
	(1031, 1, '2019-10-07', '2019-10-07 15:28:27', '2019-10-07 15:28:38', NULL, NULL),
	(1032, 1, '2019-10-07', '2019-10-07 15:28:46', '2019-10-07 17:46:53', NULL, NULL),
	(1033, 1, '2019-10-07', '2019-10-07 15:30:07', '2019-10-07 15:33:41', 'AUT071019266', NULL),
	(1034, 1, '2019-10-07', '2019-10-07 15:30:45', '2019-10-07 15:59:32', NULL, NULL),
	(1035, 2, '2019-10-07', '2019-10-07 15:31:52', '2019-10-07 15:59:46', 'MOT071019268', NULL),
	(1036, 1, '2019-10-07', '2019-10-07 15:33:20', '2019-10-07 16:03:17', NULL, NULL),
	(1037, 1, '2019-10-07', '2019-10-07 15:34:05', '2019-10-07 15:35:56', 'AUT071019270', NULL),
	(1038, 2, '2019-10-07', '2019-10-07 15:35:53', '2019-10-07 16:04:42', 'MOT071019271', NULL),
	(1039, 1, '2019-10-07', '2019-10-07 15:37:11', '2019-10-07 18:00:04', NULL, NULL),
	(1040, 1, '2019-10-07', '2019-10-07 15:38:24', '2019-10-07 15:41:53', 'AUT071019273', NULL),
	(1041, 2, '2019-10-07', '2019-10-07 15:39:59', '2019-10-07 16:32:12', 'MOT071019274', NULL),
	(1042, 1, '2019-10-07', '2019-10-07 15:41:14', '2019-10-07 17:36:32', NULL, NULL),
	(1043, 1, '2019-10-07', '2019-10-07 15:42:38', '2019-10-07 15:42:52', NULL, NULL),
	(1044, 1, '2019-10-07', '2019-10-07 15:43:04', '2019-10-07 18:32:16', NULL, NULL),
	(1045, 2, '2019-10-07', '2019-10-07 15:44:28', '2019-10-07 16:28:11', 'MOT071019278', NULL),
	(1046, 1, '2019-10-07', '2019-10-07 15:45:12', '2019-10-07 15:48:32', 'AUT071019279', NULL),
	(1047, 1, '2019-10-07', '2019-10-07 15:46:06', '2019-10-07 18:14:53', 'AUT071019280', NULL),
	(1048, 2, '2019-10-07', '2019-10-07 15:48:22', '2019-10-07 16:34:27', 'MOT071019281', NULL),
	(1049, 2, '2019-10-07', '2019-10-07 15:49:26', '2019-10-07 16:00:33', 'MOT071019282', NULL),
	(1050, 1, '2019-10-07', '2019-10-07 15:53:50', '2019-10-07 16:09:01', 'AUT071019283', NULL),
	(1051, 1, '2019-10-07', '2019-10-07 15:59:53', '2019-10-07 17:23:41', NULL, NULL),
	(1052, 2, '2019-10-07', '2019-10-07 16:00:19', '2019-10-07 18:30:47', 'MOT071019285', NULL),
	(1053, 1, '2019-10-07', '2019-10-07 16:02:05', '2019-10-07 16:14:52', 'AUT071019286', NULL),
	(1054, 1, '2019-10-07', '2019-10-07 16:03:45', '2019-10-07 16:11:47', 'AUT071019287', NULL),
	(1055, 2, '2019-10-07', '2019-10-07 16:08:45', '2019-10-07 18:44:16', 'MOT071019288', NULL),
	(1056, 2, '2019-10-07', '2019-10-07 16:09:13', '2019-10-07 17:16:46', NULL, NULL),
	(1057, 2, '2019-10-07', '2019-10-07 16:09:55', '2019-10-07 17:00:43', NULL, NULL),
	(1058, 1, '2019-10-07', '2019-10-07 16:10:44', '2019-10-07 16:13:24', 'AUT071019291', NULL),
	(1059, 1, '2019-10-07', '2019-10-07 16:14:38', '2019-10-07 16:17:27', 'AUT071019292', NULL),
	(1060, 1, '2019-10-07', '2019-10-07 16:20:08', '2019-10-07 18:41:55', NULL, NULL),
	(1061, 1, '2019-10-07', '2019-10-07 16:20:42', '2019-10-07 16:36:38', 'AUT071019294', NULL),
	(1062, 1, '2019-10-07', '2019-10-07 16:21:14', '2019-10-07 16:21:20', NULL, NULL),
	(1063, 2, '2019-10-07', '2019-10-07 16:24:38', '2019-10-07 16:25:29', NULL, NULL),
	(1064, 2, '2019-10-07', '2019-10-07 16:26:26', '2019-10-07 16:45:11', 'MOT071019297', NULL),
	(1065, 1, '2019-10-07', '2019-10-07 16:28:10', '2019-10-07 16:29:54', 'AUT071019298', NULL),
	(1066, 1, '2019-10-07', '2019-10-07 16:30:33', '2019-10-07 16:35:02', 'AUT071019299', NULL),
	(1067, 2, '2019-10-07', '2019-10-07 16:35:32', '2019-10-07 17:24:36', NULL, NULL),
	(1068, 1, '2019-10-07', '2019-10-07 16:38:47', '2019-10-07 16:41:58', 'AUT071019301', NULL),
	(1069, 1, '2019-10-07', '2019-10-07 16:39:54', '2019-10-07 16:42:20', 'AUT071019302', NULL),
	(1070, 1, '2019-10-07', '2019-10-07 16:40:52', '2019-10-07 16:43:10', 'AUT071019303', NULL),
	(1071, 2, '2019-10-07', '2019-10-07 16:44:10', '2019-10-07 17:08:21', 'MOT071019304', NULL),
	(1072, 1, '2019-10-07', '2019-10-07 16:44:36', '2019-10-07 19:02:12', NULL, NULL),
	(1073, 1, '2019-10-07', '2019-10-07 16:46:26', '2019-10-07 17:26:42', NULL, NULL),
	(1074, 2, '2019-10-07', '2019-10-07 16:46:43', '2019-10-07 17:13:17', 'MOT071019307', NULL),
	(1075, 1, '2019-10-07', '2019-10-07 16:47:43', '2019-10-07 17:57:19', 'AUT071019308', NULL),
	(1076, 1, '2019-10-07', '2019-10-07 16:50:09', '2019-10-07 16:52:07', 'AUT071019309', NULL),
	(1077, 1, '2019-10-07', '2019-10-07 16:51:04', '2019-10-07 16:54:14', 'AUT071019310', NULL),
	(1078, 1, '2019-10-07', '2019-10-07 16:51:25', '2019-10-07 16:53:39', 'AUT071019311', NULL),
	(1079, 2, '2019-10-07', '2019-10-07 16:52:10', '2019-10-07 17:02:56', 'MOT071019312', NULL),
	(1080, 1, '2019-10-07', '2019-10-07 16:54:37', '2019-10-07 19:10:06', NULL, NULL),
	(1081, 1, '2019-10-07', '2019-10-07 16:56:25', '2019-10-07 17:36:06', NULL, NULL),
	(1082, 2, '2019-10-07', '2019-10-07 16:57:11', '2019-10-07 17:06:57', 'MOT071019315', NULL),
	(1083, 2, '2019-10-07', '2019-10-07 16:58:22', '2019-10-07 17:13:47', NULL, NULL),
	(1084, 1, '2019-10-07', '2019-10-07 16:59:22', '2019-10-07 17:18:54', 'AUT071019317', NULL),
	(1085, 1, '2019-10-07', '2019-10-07 17:07:48', '2019-10-07 17:32:06', NULL, NULL),
	(1086, 1, '2019-10-07', '2019-10-07 17:08:31', '2019-10-07 19:22:12', NULL, NULL),
	(1087, 1, '2019-10-07', '2019-10-07 17:09:48', '2019-10-07 17:12:26', 'AUT071019320', NULL),
	(1088, 1, '2019-10-07', '2019-10-07 17:10:15', '2019-10-07 18:46:01', NULL, NULL),
	(1089, 1, '2019-10-07', '2019-10-07 17:12:45', '2019-10-07 17:16:37', 'AUT071019322', NULL),
	(1090, 1, '2019-10-07', '2019-10-07 17:14:34', '2019-10-07 17:17:10', 'AUT071019323', NULL),
	(1091, 1, '2019-10-07', '2019-10-07 17:18:35', '2019-10-07 18:42:10', NULL, NULL),
	(1092, 2, '2019-10-07', '2019-10-07 17:19:01', '2019-10-07 17:32:39', NULL, NULL),
	(1093, 2, '2019-10-07', '2019-10-07 17:19:13', '2019-10-07 18:38:47', NULL, NULL),
	(1094, 2, '2019-10-07', '2019-10-07 17:20:58', '2019-10-07 18:20:21', NULL, NULL),
	(1095, 1, '2019-10-07', '2019-10-07 17:21:34', '2019-10-07 17:27:47', 'AUT071019328', NULL),
	(1096, 2, '2019-10-07', '2019-10-07 17:22:58', '2019-10-07 17:39:11', 'MOT071019329', NULL),
	(1097, 2, '2019-10-07', '2019-10-07 17:24:12', '2019-10-07 18:12:15', 'MOT071019330', NULL),
	(1098, 1, '2019-10-07', '2019-10-07 17:24:39', '2019-10-07 17:26:59', NULL, NULL),
	(1099, 2, '2019-10-07', '2019-10-07 17:25:07', '2019-10-07 18:13:53', 'MOT071019332', NULL),
	(1100, 1, '2019-10-07', '2019-10-07 17:26:31', '2019-10-07 19:33:53', NULL, NULL),
	(1101, 1, '2019-10-07', '2019-10-07 17:28:44', '2019-10-07 19:05:07', NULL, NULL),
	(1102, 1, '2019-10-07', '2019-10-07 17:29:26', '2019-10-07 17:31:53', 'AUT071019335', NULL),
	(1103, 2, '2019-10-07', '2019-10-07 17:33:05', '2019-10-07 18:17:56', NULL, NULL),
	(1104, 1, '2019-10-07', '2019-10-07 17:34:40', '2019-10-07 18:23:32', NULL, NULL),
	(1105, 2, '2019-10-07', '2019-10-07 17:35:35', '2019-10-07 17:53:08', 'MOT071019338', NULL),
	(1106, 1, '2019-10-07', '2019-10-07 17:36:48', '2019-10-07 17:39:44', 'AUT071019339', NULL),
	(1107, 3, '2019-10-07', '2019-10-07 17:38:37', '2019-10-07 17:56:24', 'BIC071019340', NULL),
	(1108, 1, '2019-10-07', '2019-10-07 17:39:52', '2019-10-07 18:21:01', NULL, NULL),
	(1109, 2, '2019-10-07', '2019-10-07 17:40:41', '2019-10-07 19:02:39', NULL, NULL),
	(1110, 1, '2019-10-07', '2019-10-07 17:42:11', '2019-10-07 17:45:02', 'AUT071019343', NULL),
	(1111, 2, '2019-10-07', '2019-10-07 17:44:01', '2019-10-07 19:38:31', NULL, NULL),
	(1112, 1, '2019-10-07', '2019-10-07 17:44:27', '2019-10-07 18:20:02', 'AUT071019345', NULL),
	(1113, 1, '2019-10-07', '2019-10-07 17:46:11', '2019-10-07 19:41:20', NULL, NULL),
	(1114, 1, '2019-10-07', '2019-10-07 17:47:01', '2019-10-07 19:00:48', NULL, NULL),
	(1115, 1, '2019-10-07', '2019-10-07 17:52:26', '2019-10-07 17:54:28', 'AUT071019348', NULL),
	(1116, 2, '2019-10-07', '2019-10-07 17:52:44', '2019-10-07 18:35:45', NULL, NULL),
	(1117, 1, '2019-10-07', '2019-10-07 17:56:24', '2019-10-07 19:34:49', NULL, NULL),
	(1118, 2, '2019-10-07', '2019-10-07 17:57:28', '2019-10-07 18:10:04', 'MOT071019351', NULL),
	(1119, 1, '2019-10-07', '2019-10-07 17:58:01', '2019-10-07 17:59:33', 'AUT071019352', NULL),
	(1120, 2, '2019-10-07', '2019-10-07 17:59:10', '2019-10-07 18:20:39', 'MOT071019353', NULL),
	(1121, 1, '2019-10-07', '2019-10-07 17:59:53', '2019-10-07 18:28:59', 'AUT071019354', NULL),
	(1122, 1, '2019-10-07', '2019-10-07 18:00:28', '2019-10-07 18:05:39', 'AUT071019355', NULL),
	(1123, 2, '2019-10-07', '2019-10-07 18:04:02', '2019-10-07 18:28:15', 'MOT071019356', NULL),
	(1124, 1, '2019-10-07', '2019-10-07 18:04:29', NULL, 'AUT071019357', NULL),
	(1125, 1, '2019-10-07', '2019-10-07 18:05:43', NULL, 'AUT071019358', NULL),
	(1126, 1, '2019-10-07', '2019-10-07 18:09:38', '2019-10-07 18:10:52', 'AUT071019359', NULL),
	(1127, 1, '2019-10-07', '2019-10-07 18:10:30', '2019-10-07 18:41:19', NULL, NULL),
	(1128, 2, '2019-10-07', '2019-10-07 18:11:55', '2019-10-07 18:24:02', 'MOT071019361', NULL),
	(1129, 1, '2019-10-07', '2019-10-07 18:12:25', '2019-10-07 18:15:16', 'AUT071019362', NULL),
	(1130, 2, '2019-10-07', '2019-10-07 18:13:30', '2019-10-07 18:13:34', NULL, NULL),
	(1131, 1, '2019-10-07', '2019-10-07 18:15:04', '2019-10-07 18:47:08', 'AUT071019364', NULL),
	(1132, 1, '2019-10-07', '2019-10-07 18:15:42', '2019-10-07 18:19:02', 'AUT071019365', NULL),
	(1133, 2, '2019-10-07', '2019-10-07 18:16:07', '2019-10-07 18:46:17', NULL, NULL),
	(1134, 2, '2019-10-07', '2019-10-07 18:16:40', '2019-10-07 18:56:13', 'MOT071019367', NULL),
	(1135, 2, '2019-10-07', '2019-10-07 18:18:07', '2019-10-07 19:18:15', NULL, NULL),
	(1136, 1, '2019-10-07', '2019-10-07 18:20:16', '2019-10-07 19:20:43', 'AUT071019369', NULL),
	(1137, 1, '2019-10-07', '2019-10-07 18:22:21', '2019-10-07 18:37:37', 'AUT071019370', NULL),
	(1138, 1, '2019-10-07', '2019-10-07 18:22:42', '2019-10-07 18:22:51', NULL, NULL),
	(1139, 1, '2019-10-07', '2019-10-07 18:25:24', '2019-10-07 18:44:27', NULL, NULL),
	(1140, 1, '2019-10-07', '2019-10-07 18:26:31', '2019-10-07 18:27:44', NULL, NULL),
	(1141, 2, '2019-10-07', '2019-10-07 18:27:18', '2019-10-07 18:37:56', 'MOT071019374', NULL),
	(1142, 1, '2019-10-07', '2019-10-07 18:30:44', '2019-10-07 18:38:16', NULL, NULL),
	(1143, 2, '2019-10-07', '2019-10-07 18:34:17', '2019-10-07 18:53:41', 'MOT071019376', NULL),
	(1144, 1, '2019-10-07', '2019-10-07 18:34:39', '2019-10-07 19:02:47', NULL, NULL),
	(1145, 1, '2019-10-07', '2019-10-07 18:35:54', NULL, NULL, NULL),
	(1146, 1, '2019-10-07', '2019-10-07 18:45:37', '2019-10-07 18:46:35', 'AUT071019379', NULL),
	(1147, 1, '2019-10-07', '2019-10-07 18:45:53', '2019-10-07 18:48:00', 'AUT071019380', NULL),
	(1148, 2, '2019-10-07', '2019-10-07 18:49:27', '2019-10-07 19:03:19', 'MOT071019381', NULL),
	(1149, 2, '2019-10-07', '2019-10-07 18:56:09', '2019-10-07 18:57:31', NULL, NULL),
	(1150, 2, '2019-10-07', '2019-10-07 18:57:02', '2019-10-07 18:57:13', NULL, NULL),
	(1151, 1, '2019-10-07', '2019-10-07 19:01:24', '2019-10-07 19:01:33', NULL, NULL),
	(1152, 2, '2019-10-07', '2019-10-07 19:04:47', '2019-10-07 19:04:53', NULL, NULL),
	(1153, 1, '2019-10-07', '2019-10-07 19:08:59', '2019-10-07 19:09:05', NULL, NULL),
	(1154, 1, '2019-10-07', '2019-10-07 19:34:25', '2019-10-07 19:34:35', NULL, NULL),
	(1155, 2, '2019-10-07', '2019-10-07 19:47:43', '2019-10-07 19:47:46', NULL, NULL),
	(1156, 2, '2019-10-07', '2019-10-07 19:47:47', NULL, NULL, NULL);
/*!40000 ALTER TABLE `ingreso` ENABLE KEYS */;

-- Volcando estructura para tabla deparqueo_bd.ingresocancelado
CREATE TABLE IF NOT EXISTS `ingresocancelado` (
  `id` int(11) NOT NULL AUTO_INCREMENT,
  `ingreso` int(11) DEFAULT NULL,
  `observacion` varchar(300) COLLATE utf8_spanish_ci DEFAULT NULL,
  `fecha` datetime DEFAULT NULL,
  `usuario` int(11) DEFAULT NULL,
  PRIMARY KEY (`id`),
  KEY `FK_ingresocancelado_ingresonormal` (`ingreso`),
  KEY `FK_ingresocancelado_usuario` (`usuario`),
  CONSTRAINT `FK_ingresocancelado_ingresonormal` FOREIGN KEY (`ingreso`) REFERENCES `ingresonormal` (`id`),
  CONSTRAINT `FK_ingresocancelado_usuario` FOREIGN KEY (`usuario`) REFERENCES `usuario` (`id`)
) ENGINE=InnoDB AUTO_INCREMENT=6 DEFAULT CHARSET=utf8 COLLATE=utf8_spanish_ci COMMENT='Almacena la información de los ingresos cancelados';

-- Volcando datos para la tabla deparqueo_bd.ingresocancelado: ~5 rows (aproximadamente)
/*!40000 ALTER TABLE `ingresocancelado` DISABLE KEYS */;
INSERT INTO `ingresocancelado` (`id`, `ingreso`, `observacion`, `fecha`, `usuario`) VALUES
	(1, 60, 'PRUEBA DE CANCELACION', '2019-09-05 10:32:02', 2),
	(2, 62, 'anulacion', '2019-09-13 21:36:04', 2),
	(3, 116, 'anulacion', '2019-09-28 20:53:22', 2),
	(4, 119, 'anular', '2019-09-28 20:57:04', 2),
	(5, 134, 'ANULADO', '2019-09-28 21:22:58', 2);
/*!40000 ALTER TABLE `ingresocancelado` ENABLE KEYS */;

-- Volcando estructura para tabla deparqueo_bd.ingresonormal
CREATE TABLE IF NOT EXISTS `ingresonormal` (
  `id` int(11) NOT NULL,
  PRIMARY KEY (`id`),
  KEY `IXFK_ingresonormal_ingreso` (`id`),
  CONSTRAINT `FK_ingresonormal_ingreso` FOREIGN KEY (`id`) REFERENCES `ingreso` (`id`)
) ENGINE=InnoDB DEFAULT CHARSET=utf8 COLLATE=utf8_spanish_ci;

-- Volcando datos para la tabla deparqueo_bd.ingresonormal: ~773 rows (aproximadamente)
/*!40000 ALTER TABLE `ingresonormal` DISABLE KEYS */;
INSERT INTO `ingresonormal` (`id`) VALUES
	(2),
	(3),
	(4),
	(5),
	(6),
	(7),
	(8),
	(11),
	(12),
	(13),
	(14),
	(15),
	(16),
	(24),
	(25),
	(26),
	(27),
	(28),
	(29),
	(30),
	(37),
	(38),
	(39),
	(41),
	(42),
	(43),
	(46),
	(47),
	(48),
	(50),
	(51),
	(52),
	(53),
	(54),
	(55),
	(56),
	(58),
	(59),
	(60),
	(61),
	(62),
	(63),
	(64),
	(65),
	(66),
	(67),
	(68),
	(69),
	(70),
	(73),
	(74),
	(75),
	(76),
	(77),
	(78),
	(79),
	(80),
	(81),
	(82),
	(83),
	(84),
	(85),
	(86),
	(87),
	(88),
	(89),
	(90),
	(91),
	(92),
	(93),
	(94),
	(95),
	(96),
	(97),
	(98),
	(99),
	(100),
	(101),
	(102),
	(103),
	(104),
	(105),
	(106),
	(107),
	(108),
	(109),
	(110),
	(111),
	(112),
	(113),
	(114),
	(115),
	(116),
	(117),
	(118),
	(119),
	(120),
	(121),
	(122),
	(123),
	(124),
	(125),
	(126),
	(127),
	(128),
	(129),
	(130),
	(131),
	(132),
	(133),
	(134),
	(135),
	(136),
	(137),
	(138),
	(139),
	(140),
	(141),
	(142),
	(143),
	(144),
	(145),
	(152),
	(153),
	(154),
	(157),
	(159),
	(162),
	(164),
	(165),
	(166),
	(169),
	(170),
	(173),
	(174),
	(175),
	(176),
	(177),
	(178),
	(179),
	(180),
	(181),
	(182),
	(186),
	(187),
	(188),
	(189),
	(190),
	(196),
	(197),
	(198),
	(200),
	(201),
	(202),
	(203),
	(204),
	(205),
	(210),
	(211),
	(212),
	(213),
	(214),
	(215),
	(216),
	(217),
	(218),
	(219),
	(220),
	(222),
	(223),
	(224),
	(225),
	(226),
	(227),
	(228),
	(229),
	(230),
	(231),
	(232),
	(233),
	(234),
	(235),
	(236),
	(237),
	(238),
	(239),
	(240),
	(241),
	(242),
	(243),
	(244),
	(245),
	(246),
	(247),
	(248),
	(249),
	(250),
	(251),
	(252),
	(253),
	(254),
	(255),
	(256),
	(257),
	(258),
	(259),
	(260),
	(261),
	(262),
	(263),
	(264),
	(265),
	(266),
	(267),
	(268),
	(269),
	(270),
	(271),
	(272),
	(273),
	(274),
	(275),
	(276),
	(277),
	(278),
	(279),
	(280),
	(281),
	(282),
	(283),
	(284),
	(285),
	(286),
	(287),
	(288),
	(289),
	(290),
	(291),
	(292),
	(293),
	(294),
	(295),
	(296),
	(297),
	(298),
	(299),
	(300),
	(301),
	(302),
	(303),
	(304),
	(305),
	(306),
	(307),
	(308),
	(309),
	(310),
	(311),
	(312),
	(313),
	(314),
	(315),
	(316),
	(317),
	(318),
	(319),
	(320),
	(321),
	(322),
	(323),
	(324),
	(325),
	(326),
	(327),
	(328),
	(329),
	(330),
	(331),
	(332),
	(333),
	(334),
	(335),
	(336),
	(337),
	(338),
	(339),
	(340),
	(341),
	(342),
	(343),
	(345),
	(346),
	(348),
	(349),
	(350),
	(351),
	(352),
	(353),
	(354),
	(355),
	(356),
	(357),
	(358),
	(359),
	(360),
	(362),
	(363),
	(364),
	(365),
	(366),
	(367),
	(368),
	(369),
	(370),
	(371),
	(372),
	(373),
	(374),
	(375),
	(376),
	(377),
	(378),
	(379),
	(380),
	(381),
	(382),
	(384),
	(385),
	(386),
	(387),
	(389),
	(392),
	(393),
	(394),
	(395),
	(396),
	(397),
	(398),
	(399),
	(400),
	(401),
	(402),
	(403),
	(404),
	(405),
	(406),
	(407),
	(408),
	(409),
	(410),
	(411),
	(413),
	(414),
	(415),
	(416),
	(417),
	(418),
	(419),
	(420),
	(421),
	(422),
	(423),
	(425),
	(426),
	(427),
	(428),
	(430),
	(431),
	(432),
	(433),
	(434),
	(435),
	(436),
	(438),
	(439),
	(440),
	(441),
	(442),
	(443),
	(444),
	(446),
	(447),
	(448),
	(449),
	(451),
	(452),
	(453),
	(454),
	(455),
	(457),
	(458),
	(459),
	(460),
	(461),
	(462),
	(463),
	(464),
	(465),
	(467),
	(468),
	(469),
	(470),
	(471),
	(472),
	(473),
	(475),
	(477),
	(478),
	(479),
	(481),
	(482),
	(483),
	(484),
	(485),
	(486),
	(488),
	(491),
	(496),
	(497),
	(498),
	(499),
	(501),
	(502),
	(503),
	(504),
	(505),
	(506),
	(508),
	(510),
	(511),
	(513),
	(514),
	(515),
	(517),
	(518),
	(523),
	(526),
	(527),
	(528),
	(530),
	(531),
	(532),
	(533),
	(535),
	(536),
	(538),
	(540),
	(541),
	(543),
	(544),
	(545),
	(547),
	(550),
	(551),
	(552),
	(554),
	(555),
	(556),
	(558),
	(559),
	(561),
	(564),
	(565),
	(568),
	(570),
	(571),
	(572),
	(573),
	(574),
	(575),
	(576),
	(577),
	(578),
	(579),
	(580),
	(581),
	(582),
	(585),
	(586),
	(587),
	(588),
	(589),
	(590),
	(591),
	(592),
	(593),
	(594),
	(595),
	(596),
	(598),
	(599),
	(600),
	(601),
	(603),
	(604),
	(606),
	(607),
	(608),
	(610),
	(611),
	(612),
	(615),
	(616),
	(617),
	(618),
	(622),
	(623),
	(624),
	(626),
	(627),
	(628),
	(629),
	(631),
	(634),
	(636),
	(637),
	(638),
	(640),
	(641),
	(642),
	(643),
	(644),
	(645),
	(646),
	(647),
	(649),
	(650),
	(652),
	(653),
	(654),
	(655),
	(658),
	(659),
	(662),
	(663),
	(665),
	(669),
	(670),
	(672),
	(673),
	(677),
	(678),
	(679),
	(680),
	(681),
	(684),
	(695),
	(707),
	(714),
	(721),
	(722),
	(723),
	(726),
	(727),
	(728),
	(730),
	(732),
	(733),
	(735),
	(737),
	(740),
	(741),
	(744),
	(747),
	(748),
	(749),
	(750),
	(753),
	(754),
	(756),
	(757),
	(758),
	(759),
	(760),
	(763),
	(774),
	(775),
	(778),
	(779),
	(782),
	(784),
	(788),
	(789),
	(790),
	(793),
	(801),
	(802),
	(804),
	(808),
	(809),
	(811),
	(814),
	(825),
	(826),
	(832),
	(833),
	(834),
	(836),
	(838),
	(841),
	(844),
	(845),
	(846),
	(847),
	(848),
	(849),
	(853),
	(856),
	(862),
	(865),
	(868),
	(869),
	(871),
	(873),
	(876),
	(879),
	(880),
	(882),
	(885),
	(889),
	(890),
	(896),
	(901),
	(902),
	(903),
	(904),
	(906),
	(907),
	(909),
	(910),
	(911),
	(912),
	(914),
	(915),
	(916),
	(918),
	(920),
	(921),
	(922),
	(923),
	(924),
	(925),
	(926),
	(927),
	(928),
	(929),
	(930),
	(931),
	(933),
	(935),
	(936),
	(937),
	(938),
	(940),
	(941),
	(942),
	(944),
	(945),
	(947),
	(949),
	(953),
	(955),
	(956),
	(958),
	(960),
	(964),
	(968),
	(969),
	(975),
	(978),
	(982),
	(983),
	(986),
	(987),
	(989),
	(990),
	(991),
	(994),
	(995),
	(996),
	(997),
	(1000),
	(1002),
	(1004),
	(1006),
	(1007),
	(1008),
	(1009),
	(1012),
	(1013),
	(1014),
	(1015),
	(1016),
	(1017),
	(1018),
	(1019),
	(1020),
	(1021),
	(1024),
	(1025),
	(1026),
	(1027),
	(1029),
	(1030),
	(1033),
	(1035),
	(1037),
	(1038),
	(1040),
	(1041),
	(1045),
	(1046),
	(1047),
	(1048),
	(1049),
	(1050),
	(1052),
	(1053),
	(1054),
	(1055),
	(1058),
	(1059),
	(1061),
	(1064),
	(1065),
	(1066),
	(1068),
	(1069),
	(1070),
	(1071),
	(1074),
	(1075),
	(1076),
	(1077),
	(1078),
	(1079),
	(1082),
	(1084),
	(1087),
	(1089),
	(1090),
	(1095),
	(1096),
	(1097),
	(1099),
	(1102),
	(1105),
	(1106),
	(1107),
	(1110),
	(1112),
	(1115),
	(1118),
	(1119),
	(1120),
	(1121),
	(1122),
	(1123),
	(1124),
	(1125),
	(1126),
	(1128),
	(1129),
	(1131),
	(1132),
	(1134),
	(1136),
	(1137),
	(1141),
	(1143),
	(1146),
	(1147),
	(1148);
/*!40000 ALTER TABLE `ingresonormal` ENABLE KEYS */;

-- Volcando estructura para tabla deparqueo_bd.ingresotarjeta
CREATE TABLE IF NOT EXISTS `ingresotarjeta` (
  `id` int(11) NOT NULL,
  `tarjeta` varchar(50) COLLATE utf8_spanish_ci DEFAULT NULL,
  PRIMARY KEY (`id`),
  KEY `IXFK_ingresotarjeta_ingreso` (`id`),
  KEY `IXFK_ingresotarjeta_tarjeta` (`tarjeta`),
  CONSTRAINT `FK_ingresotarjeta_ingreso` FOREIGN KEY (`id`) REFERENCES `ingreso` (`id`),
  CONSTRAINT `FK_ingresotarjeta_tarjeta` FOREIGN KEY (`tarjeta`) REFERENCES `tarjeta` (`rfid`)
) ENGINE=InnoDB DEFAULT CHARSET=utf8 COLLATE=utf8_spanish_ci;

-- Volcando datos para la tabla deparqueo_bd.ingresotarjeta: ~359 rows (aproximadamente)
/*!40000 ALTER TABLE `ingresotarjeta` DISABLE KEYS */;
INSERT INTO `ingresotarjeta` (`id`, `tarjeta`) VALUES
	(858, '0000699328'),
	(492, '0000699544'),
	(1057, '0000699544'),
	(765, '0000699548'),
	(1056, '0000699572'),
	(490, '0000699586'),
	(519, '0000699586'),
	(806, '0000699586'),
	(1103, '0000699586'),
	(569, '0000699593'),
	(584, '0000699593'),
	(798, '0000699593'),
	(917, '0000699593'),
	(1003, '0000699593'),
	(851, '0000700396'),
	(993, '0000700396'),
	(720, '0000700410'),
	(979, '0000700410'),
	(476, '0000700450'),
	(800, '0000700450'),
	(1150, '0000700472'),
	(1111, '0000700496'),
	(521, '0000700510'),
	(794, '0000700510'),
	(976, '0000700510'),
	(1094, '0000700510'),
	(688, '0000700790'),
	(703, '0000700790'),
	(807, '0000700790'),
	(932, '0000700836'),
	(950, '0000700836'),
	(1034, '0000700836'),
	(1080, '0000700836'),
	(797, '0000700913'),
	(693, '0000725554'),
	(875, '0000725554'),
	(1042, '0000725595'),
	(1144, '0000725595'),
	(694, '0000725660'),
	(773, '0000725660'),
	(549, '0000726684'),
	(609, '0000726684'),
	(742, '0000726684'),
	(817, '0000726684'),
	(1086, '0000726684'),
	(718, '0000726905'),
	(839, '0000726905'),
	(992, '0000726928'),
	(537, '0000734553'),
	(686, '0000734597'),
	(710, '0000734597'),
	(792, '0000734597'),
	(850, '0000734601'),
	(829, '0000745774'),
	(690, '0000745780'),
	(886, '0000745780'),
	(984, '0000745805'),
	(685, '0000745952'),
	(957, '0000745952'),
	(509, '0000745970'),
	(562, '0000745970'),
	(866, '0000745970'),
	(1142, '0000746000'),
	(1108, '0000746241'),
	(437, '0000746270'),
	(621, '0000746270'),
	(1081, '0000746270'),
	(1139, '0000746270'),
	(713, '0000746271'),
	(837, '0000746271'),
	(674, '0000746310'),
	(708, '0000746310'),
	(412, '0000746330'),
	(635, '0000746330'),
	(682, '0000746330'),
	(977, '0000746330'),
	(1116, '0000746330'),
	(1043, '0000746349'),
	(1044, '0000746349'),
	(675, '0000783990'),
	(973, '0000783990'),
	(1100, '0000783990'),
	(583, '0000783992'),
	(867, '0000783992'),
	(1138, '0000783998'),
	(388, '0000784004'),
	(648, '0000784004'),
	(1051, '0000784004'),
	(746, '0000784054'),
	(1011, '0000784247'),
	(859, '0000784415'),
	(522, '0000784429'),
	(613, '0000784429'),
	(706, '0000784429'),
	(818, '0000784429'),
	(563, '0000784446'),
	(888, '0000784446'),
	(344, '0000784632'),
	(383, '0000784632'),
	(548, '0000784632'),
	(424, '0000784633'),
	(512, '0000784633'),
	(605, '0000784633'),
	(813, '0000784633'),
	(959, '0000784633'),
	(1135, '0000784633'),
	(660, '0000784643'),
	(831, '0000910251'),
	(1093, '0000910251'),
	(745, '0000912319'),
	(772, '0000912319'),
	(1154, '0001953189'),
	(1155, '0002164145'),
	(1156, '0002164145'),
	(852, '0002165163'),
	(854, '0002165285'),
	(1039, '0002165285'),
	(791, '0002165290'),
	(980, '0002170485'),
	(736, '0002170508'),
	(967, '0002170508'),
	(1001, '0002206788'),
	(1010, '0002268170'),
	(542, '0002268535'),
	(657, '0002268535'),
	(855, '0002268535'),
	(429, '0002913767'),
	(516, '0002913767'),
	(872, '0002913767'),
	(981, '0002913767'),
	(908, '0002998462'),
	(557, '0003090946'),
	(781, '0003090946'),
	(830, '0003091191'),
	(717, '0003091225'),
	(898, '0003091225'),
	(1140, '0003091225'),
	(842, '0003193560'),
	(566, '0003195775'),
	(761, '0003195775'),
	(962, '0003195775'),
	(700, '0004219704'),
	(755, '0004219704'),
	(799, '0004219704'),
	(1022, '0004219704'),
	(620, '0004640317'),
	(887, '0004640317'),
	(1113, '0004640317'),
	(676, '0004651711'),
	(716, '0004651711'),
	(762, '0004651711'),
	(1031, '0004651711'),
	(1032, '0004651711'),
	(1114, '0004651711'),
	(625, '0004651744'),
	(1028, '0004651744'),
	(738, '0004669925'),
	(870, '0004669925'),
	(961, '0004669925'),
	(692, '0004678129'),
	(711, '0004678129'),
	(874, '0004678129'),
	(347, '0004691771'),
	(539, '0004691771'),
	(1085, '0004691771'),
	(743, '0004712299'),
	(877, '0004712299'),
	(974, '0004915341'),
	(988, '0004922278'),
	(948, '0004940495'),
	(985, '0004940495'),
	(1133, '0004940495'),
	(1149, '0004940495'),
	(651, '0005059526'),
	(861, '0005059526'),
	(934, '0005216631'),
	(390, '0005253242'),
	(780, '0005253242'),
	(819, '0005253726'),
	(787, '0005281570'),
	(466, '0005394537'),
	(546, '0005394537'),
	(597, '0005394537'),
	(771, '0005394537'),
	(767, '0005394541'),
	(863, '0005394541'),
	(520, '0005394560'),
	(705, '0005394560'),
	(777, '0005394560'),
	(810, '0007177355'),
	(939, '0007270606'),
	(1091, '0007270606'),
	(725, '0007270636'),
	(864, '0007270636'),
	(972, '0007270636'),
	(860, '0007839017'),
	(150, '0009684539'),
	(156, '0009684539'),
	(160, '0009684539'),
	(161, '0009684539'),
	(163, '0009684539'),
	(171, '0009684539'),
	(172, '0009684539'),
	(183, '0009684539'),
	(192, '0009684539'),
	(193, '0009684539'),
	(195, '0009684539'),
	(208, '0009684539'),
	(209, '0009684539'),
	(221, '0009684539'),
	(661, '0009684539'),
	(715, '0009684539'),
	(619, '0009695439'),
	(667, '0009695439'),
	(739, '0009695439'),
	(895, '0009695439'),
	(149, '0009697654'),
	(168, '0009697654'),
	(184, '0009697654'),
	(191, '0009697654'),
	(207, '0009697654'),
	(1062, '0009697654'),
	(450, '0009711251'),
	(487, '0009711251'),
	(529, '0009711251'),
	(633, '0009711251'),
	(835, '0009711251'),
	(954, '0009711251'),
	(1063, '0009711251'),
	(1067, '0009711251'),
	(148, '0009719762'),
	(151, '0009719762'),
	(155, '0009719762'),
	(158, '0009719762'),
	(167, '0009719762'),
	(185, '0009719762'),
	(194, '0009719762'),
	(199, '0009719762'),
	(698, '0009719762'),
	(776, '0009719762'),
	(1145, '0009719762'),
	(786, '0010373647'),
	(900, '0010373647'),
	(146, '0010373654'),
	(206, '0010373654'),
	(719, '0010373654'),
	(857, '0010373654'),
	(664, '0012755129'),
	(822, '0012755129'),
	(639, '0012949191'),
	(495, '0012949211'),
	(952, '0012949211'),
	(1060, '0012949222'),
	(500, '0012949294'),
	(892, '0012949294'),
	(971, '0013017890'),
	(687, '0013028141'),
	(891, '0013028141'),
	(881, '0013028234'),
	(702, '0013046064'),
	(840, '0013046064'),
	(704, '0013072428'),
	(805, '0013072428'),
	(689, '0013235657'),
	(474, '0013235778'),
	(630, '0013235778'),
	(943, '0013236720'),
	(1036, '0013236720'),
	(1072, '0013236720'),
	(632, '0013248154'),
	(899, '0013248154'),
	(1088, '0013248154'),
	(824, '0013248420'),
	(731, '0013248711'),
	(821, '0013248711'),
	(391, '0013248713'),
	(567, '0013248713'),
	(1023, '0013248713'),
	(691, '0014980080'),
	(701, '0014980080'),
	(796, '0014980080'),
	(1152, '0014980090'),
	(951, '0014980246'),
	(480, '0014980277'),
	(709, '0014980277'),
	(823, '0014980277'),
	(1109, '0014980277'),
	(493, '0014999853'),
	(524, '0014999853'),
	(614, '0014999853'),
	(970, '0014999853'),
	(1104, '0014999853'),
	(820, '0014999874'),
	(361, '0015002548'),
	(827, '0015002548'),
	(828, '0015002548'),
	(965, '0015002666'),
	(966, '0015002666'),
	(602, '0015002687'),
	(445, '0015018441'),
	(525, '0015018441'),
	(1092, '0015018441'),
	(905, '0015018444'),
	(560, '0015018506'),
	(803, '0015018506'),
	(489, '0015018508'),
	(494, '0015018508'),
	(1153, '0015019497'),
	(883, '0015019500'),
	(671, '0015029375'),
	(456, '0015029428'),
	(534, '0015029428'),
	(913, '0015029428'),
	(1005, '0015029428'),
	(1130, '0015029429'),
	(666, '0015033994'),
	(768, '0015033994'),
	(963, '0015033994'),
	(699, '0015034726'),
	(815, '0015034726'),
	(816, '0015034726'),
	(783, '0015034728'),
	(998, '0015034761'),
	(764, '0015034772'),
	(1073, '0015034772'),
	(1117, '0015034772'),
	(507, '0015083744'),
	(1083, '0015083744'),
	(897, '0015083749'),
	(724, '0015087399'),
	(795, '0015087399'),
	(946, '0015087399'),
	(553, '0015087463'),
	(656, '0015087463'),
	(734, '0015087463'),
	(766, '0015087463'),
	(769, '0015087463'),
	(668, '0015087486'),
	(812, '0015607208'),
	(751, '0015607214'),
	(894, '0015607214'),
	(1101, '0015607214'),
	(696, '0015628953'),
	(785, '0015628953'),
	(697, '0015628955'),
	(770, '0015628955'),
	(878, '0015628965'),
	(683, '0015629035'),
	(752, '0015629035'),
	(919, '0015629035'),
	(1098, '0015629035'),
	(884, '0015629048'),
	(999, '0015629048'),
	(1127, '0015629051'),
	(712, '0015629991'),
	(843, '0015629991'),
	(729, '0015631355'),
	(893, '0015631355'),
	(1151, '0015632190');
/*!40000 ALTER TABLE `ingresotarjeta` ENABLE KEYS */;

-- Volcando estructura para tabla deparqueo_bd.nopagoservicio
CREATE TABLE IF NOT EXISTS `nopagoservicio` (
  `id` int(11) NOT NULL AUTO_INCREMENT,
  `ingreso` int(11) DEFAULT NULL,
  `observacion` varchar(300) COLLATE utf8_spanish_ci DEFAULT NULL,
  `fecha` datetime DEFAULT NULL,
  `usuario` int(11) DEFAULT NULL,
  PRIMARY KEY (`id`),
  KEY `FK_nopagoservicio_ingresonormal` (`ingreso`),
  KEY `FK_nopagoservicio_usuario` (`usuario`),
  CONSTRAINT `FK_nopagoservicio_ingresonormal` FOREIGN KEY (`ingreso`) REFERENCES `ingresonormal` (`id`),
  CONSTRAINT `FK_nopagoservicio_usuario` FOREIGN KEY (`usuario`) REFERENCES `usuario` (`id`)
) ENGINE=InnoDB AUTO_INCREMENT=202 DEFAULT CHARSET=utf8 COLLATE=utf8_spanish_ci COMMENT='Almacena la información de los pagos de servicios no cobrados';

-- Volcando datos para la tabla deparqueo_bd.nopagoservicio: ~195 rows (aproximadamente)
/*!40000 ALTER TABLE `nopagoservicio` DISABLE KEYS */;
INSERT INTO `nopagoservicio` (`id`, `ingreso`, `observacion`, `fecha`, `usuario`) VALUES
	(7, 27, 'Prueba de No Pago', '2019-08-30 21:04:45', 2),
	(8, 51, 'Prueba de No Pago y tabla...', '2019-09-04 17:10:35', 2),
	(9, 59, 'NO PAGAR', '2019-09-05 07:44:51', 2),
	(10, 61, 'PRUEBA PASE DE CORTESIA', '2019-09-13 21:35:22', 2),
	(11, 73, 'PRUEBA DE PASE DE CORTESIA', '2019-09-22 12:45:57', 2),
	(12, 93, 'sistemas', '2019-09-28 18:55:21', 2),
	(13, 115, '                \r\n              gh', '2019-09-28 20:52:06', 2),
	(14, 258, '                ACTUALIZACION DATOS DE TARJETA EN SISTEMA\r\n              ', '2019-10-05 08:19:00', 9),
	(15, 251, '\r\nPASE POR ACTUALIZACION DE DATOS DE TARJETA\r\n              ', '2019-10-05 08:21:36', 9),
	(16, 243, '                \r\n              PASE DE CORTESIA POR ACTUALIZACION DE DATOS ', '2019-10-05 08:28:23', 9),
	(17, 257, '                \r\n              PASE DE CORTESIA POR ACTUALIZACION DE DATOS ', '2019-10-05 08:35:38', 9),
	(18, 267, '                 PASE DE CORTESIA POR ACTUALIZACION DE DATOS \r\n              ', '2019-10-05 08:38:02', 9),
	(19, 263, '                \r\n               PASE DE CORTESIA POR ACTUALIZACION DE DATOS ', '2019-10-05 08:42:10', 9),
	(20, 237, '                 PASE DE CORTESIA POR ACTUALIZACION DE DATOS \r\n              ', '2019-10-05 08:44:54', 9),
	(21, 266, 'PASE DE CORTESIA POR ACTUALIZACION DE DATOS ', '2019-10-05 08:51:46', 9),
	(22, 271, '                \r\n               PASE DE CORTESIA POR ACTUALIZACION DE DATOS ', '2019-10-05 09:00:47', 9),
	(23, 284, '                \r\n               PASE DE CORTESIA POR ACTUALIZACION DE DATOS ', '2019-10-05 09:06:15', 9),
	(24, 288, '                \r\n               PASE DE CORTESIA POR ACTUALIZACION DE DATOS ', '2019-10-05 09:10:07', 9),
	(25, 256, '                 PASE DE CORTESIA POR ACTUALIZACION DE DATOS \r\n              ', '2019-10-05 09:14:38', 9),
	(26, 260, '                \r\n               PASE DE CORTESIA POR ACTUALIZACION DE DATOS ', '2019-10-05 09:17:12', 9),
	(27, 247, '                \r\n               PASE DE CORTESIA POR ACTUALIZACION DE DATOS ', '2019-10-05 09:24:33', 9),
	(28, 307, '                \r\n               PASE DE CORTESIA POR ACTUALIZACION DE DATOS ', '2019-10-05 09:28:02', 9),
	(29, 308, '                \r\n               PASE DE CORTESIA POR ACTUALIZACION DE DATOS ', '2019-10-05 09:30:30', 9),
	(30, 306, '                 PASE DE CORTESIA POR ACTUALIZACION DE DATOS \r\n              ', '2019-10-05 09:33:20', 9),
	(31, 309, '                \r\n               PASE DE CORTESIA POR ACTUALIZACION DE DATOS ', '2019-10-05 09:36:02', 9),
	(32, 314, '                \r\n               PASE DE CORTESIA POR ACTUALIZACION DE DATOS ', '2019-10-05 09:39:05', 9),
	(33, 294, '                \r\n               PASE DE CORTESIA POR ACTUALIZACION DE DATOS ', '2019-10-05 09:42:07', 9),
	(34, 324, '                \r\n               PASE DE CORTESIA POR ACTUALIZACION DE DATOS ', '2019-10-05 09:44:53', 9),
	(35, 336, '                \r\n               PASE DE CORTESIA POR ACTUALIZACION DE DATOS ', '2019-10-05 09:47:09', 9),
	(36, 326, '                 PASE DE CORTESIA POR ACTUALIZACION DE DATOS \r\n              ', '2019-10-05 09:49:32', 9),
	(37, 303, '                \r\n               PASE DE CORTESIA POR ACTUALIZACION DE DATOS ', '2019-10-05 09:51:33', 9),
	(38, 328, '                \r\n               PASE DE CORTESIA POR ACTUALIZACION DE DATOS ', '2019-10-05 09:53:45', 9),
	(39, 329, '                \r\n               PASE DE CORTESIA POR ACTUALIZACION DE DATOS ', '2019-10-05 09:56:20', 9),
	(40, 319, '                \r\n               PASE DE CORTESIA POR ACTUALIZACION DE DATOS ', '2019-10-05 09:58:54', 9),
	(41, 290, '                \r\n               PASE DE CORTESIA POR ACTUALIZACION DE DATOS ', '2019-10-05 10:01:31', 9),
	(42, 254, '                \r\n               PASE DE CORTESIA POR ACTUALIZACION DE DATOS ', '2019-10-05 10:03:36', 9),
	(43, 274, 'PASE DE CORTESIA ACTUALIZACION DE DATOS        ', '2019-10-05 10:05:42', 2),
	(44, 235, '                 PASE DE CORTESIA POR ACTUALIZACION DE DATOS \r\n              ', '2019-10-05 10:06:34', 9),
	(45, 268, '                \r\n               PASE DE CORTESIA POR ACTUALIZACION DE DATOS ', '2019-10-05 10:14:56', 9),
	(46, 357, '                \r\n               PASE DE CORTESIA POR ACTUALIZACION DE DATOS ', '2019-10-05 10:18:23', 9),
	(47, 252, '                \r\n               PASE DE CORTESIA POR ACTUALIZACION DE DATOS ', '2019-10-05 10:22:45', 9),
	(48, 246, '                \r\n               PASE DE CORTESIA POR ACTUALIZACION DE DATOS ', '2019-10-05 10:28:49', 9),
	(49, 359, '                \r\n               PASE DE CORTESIA POR ACTUALIZACION DE DATOS ', '2019-10-05 10:33:45', 9),
	(50, 265, '                \r\n               PASE DE CORTESIA POR ACTUALIZACION DE DATOS ', '2019-10-05 10:35:46', 9),
	(51, 372, '                \r\n               PASE DE CORTESIA POR ACTUALIZACION DE DATOS ', '2019-10-05 10:38:00', 9),
	(52, 389, '                \r\n               PASE DE CORTESIA POR ACTUALIZACION DE DATOS ', '2019-10-05 10:49:23', 9),
	(53, 289, '                \r\n               PASE DE CORTESIA POR ACTUALIZACION DE DATOS ', '2019-10-05 10:54:44', 9),
	(54, 281, '                \r\n               PASE DE CORTESIA POR ACTUALIZACION DE DATOS ', '2019-10-05 10:58:57', 9),
	(55, 275, '                \r\n               PASE DE CORTESIA POR ACTUALIZACION DE DATOS ', '2019-10-05 11:02:20', 9),
	(56, 292, '                \r\n               PASE DE CORTESIA POR ACTUALIZACION DE DATOS ', '2019-10-05 11:08:00', 9),
	(57, 248, '                \r\n PASE DE CORTESIA POR ACTUALIZACION DE DATOS ', '2019-10-05 11:09:55', 9),
	(58, 410, '                \r\n               PASE DE CORTESIA POR ACTUALIZACION DE DATOS ', '2019-10-05 11:12:19', 9),
	(59, 334, '                \r\n               PASE DE CORTESIA POR ACTUALIZACION DE DATOS ', '2019-10-05 11:16:10', 9),
	(60, 414, '                \r\n               PASE DE CORTESIA POR ACTUALIZACION DE DATOS ', '2019-10-05 11:20:32', 9),
	(61, 382, '                \r\n               PASE DE CORTESIA POR ACTUALIZACION DE DATOS ', '2019-10-05 11:22:33', 9),
	(62, 250, '                \r\n               PASE DE CORTESIA POR ACTUALIZACION DE DATOS ', '2019-10-05 11:26:15', 9),
	(63, 273, '                \r\n               PASE DE CORTESIA POR ACTUALIZACION DE DATOS ', '2019-10-05 11:29:45', 9),
	(64, 299, '                \r\n               PASE DE CORTESIA POR ACTUALIZACION DE DATOS ', '2019-10-05 11:33:03', 9),
	(65, 380, '                \r\n               PASE DE CORTESIA POR ACTUALIZACION DE DATOS ', '2019-10-05 11:34:58', 9),
	(66, 341, '                \r\n               PASE DE CORTESIA POR ACTUALIZACION DE DATOS ', '2019-10-05 11:36:39', 9),
	(67, 325, '                \r\n               PASE DE CORTESIA POR ACTUALIZACION DE DATOS ', '2019-10-05 11:38:45', 9),
	(68, 427, '                \r\n               PASE DE CORTESIA POR ACTUALIZACION DE DATOS ', '2019-10-05 11:40:25', 9),
	(69, 283, '                \r\n               PASE DE CORTESIA POR ACTUALIZACION DE DATOS ', '2019-10-05 11:43:15', 9),
	(70, 384, '                \r\n               PASE DE CORTESIA POR ACTUALIZACION DE DATOS ', '2019-10-05 11:47:03', 9),
	(71, 377, '                \r\n               PASE DE CORTESIA POR ACTUALIZACION DE DATOS ', '2019-10-05 11:49:52', 9),
	(72, 401, '                \r\n               PASE DE CORTESIA POR ACTUALIZACION DE DATOS ', '2019-10-05 11:53:56', 9),
	(73, 422, '                \r\n               PASE DE CORTESIA POR ACTUALIZACION DE DATOS ', '2019-10-05 11:57:46', 9),
	(74, 443, '                \r\n               PASE DE CORTESIA POR ACTUALIZACION DE DATOS ', '2019-10-05 12:00:06', 9),
	(75, 417, '                \r\n               PASE DE CORTESIA POR ACTUALIZACION DE DATOS ', '2019-10-05 12:03:22', 9),
	(76, 421, '                \r\n               PASE DE CORTESIA POR ACTUALIZACION DE DATOS ', '2019-10-05 12:15:19', 9),
	(77, 469, '                \r\n               PASE DE CORTESIA POR ACTUALIZACION DE DATOS ', '2019-10-05 12:21:10', 9),
	(78, 264, '                \r\n               PASE DE CORTESIA POR ACTUALIZACION DE DATOS ', '2019-10-05 12:23:12', 9),
	(79, 472, '                \r\n               PASE DE CORTESIA POR ACTUALIZACION DE DATOS ', '2019-10-05 12:30:22', 9),
	(80, 458, '                \r\n               PASE DE CORTESIA POR ACTUALIZACION DE DATOS ', '2019-10-05 12:32:39', 9),
	(81, 471, '                \r\n               PASE DE CORTESIA POR ACTUALIZACION DE DATOS ', '2019-10-05 12:34:37', 9),
	(82, 413, '                \r\n               PASE DE CORTESIA POR ACTUALIZACION DE DATOS ', '2019-10-05 12:39:57', 9),
	(83, 396, '                \r\n               PASE DE CORTESIA POR ACTUALIZACION DE DATOS ', '2019-10-05 12:42:07', 9),
	(84, 479, '                \r\n               PASE DE CORTESIA POR ACTUALIZACION DE DATOS ', '2019-10-05 12:47:37', 9),
	(85, 272, '                \r\n               PASE DE CORTESIA POR ACTUALIZACION DE DATOS ', '2019-10-05 12:51:18', 9),
	(86, 253, '                \r\n               PASE DE CORTESIA POR ACTUALIZACION DE DATOS ', '2019-10-05 12:58:04', 9),
	(87, 337, '                \r\n               PASE DE CORTESIA POR ACTUALIZACION DE DATOS ', '2019-10-05 13:01:21', 9),
	(88, 327, '                \r\n               PASE DE CORTESIA POR ACTUALIZACION DE DATOS ', '2019-10-05 13:04:58', 9),
	(89, 373, '                \r\n               PASE DE CORTESIA POR ACTUALIZACION DE DATOS ', '2019-10-05 13:08:02', 9),
	(90, 232, '                \r\n               PASE DE CORTESIA POR ACTUALIZACION DE DATOS ', '2019-10-05 13:10:01', 9),
	(91, 501, '                \r\n               PASE DE CORTESIA POR ACTUALIZACION DE DATOS ', '2019-10-05 13:13:02', 9),
	(92, 432, '                \r\n               PASE DE CORTESIA POR ACTUALIZACION DE DATOS ', '2019-10-05 13:16:15', 9),
	(93, 259, '                \r\n               PASE DE CORTESIA POR ACTUALIZACION DE DATOS ', '2019-10-05 13:18:34', 9),
	(94, 478, '                \r\n               PASE DE CORTESIA POR ACTUALIZACION DE DATOS ', '2019-10-05 13:20:53', 9),
	(95, 511, '                \r\n               PASE DE CORTESIA POR ACTUALIZACION DE DATOS ', '2019-10-05 13:22:52', 9),
	(96, 499, '                \r\n               PASE DE CORTESIA POR ACTUALIZACION DE DATOS ', '2019-10-05 13:28:25', 9),
	(97, 238, '                \r\n               PASE DE CORTESIA POR ACTUALIZACION DE DATOS \r\n', '2019-10-05 13:30:28', 9),
	(98, 517, '                \r\n               PASE DE CORTESIA POR ACTUALIZACION DE DATOS ', '2019-10-05 13:32:30', 9),
	(99, 491, '                \r\n               PASE DE CORTESIA POR ACTUALIZACION DE DATOS ', '2019-10-05 13:35:01', 9),
	(100, 436, '                \r\n               PASE DE CORTESIA POR ACTUALIZACION DE DATOS ', '2019-10-05 13:39:53', 9),
	(101, 360, '                \r\n               PASE DE CORTESIA POR ACTUALIZACION DE DATOS ', '2019-10-05 13:44:36', 9),
	(102, 370, '                \r\n               PASE DE CORTESIA POR ACTUALIZACION DE DATOS ', '2019-10-05 13:47:26', 9),
	(103, 454, '                \r\n               PASE DE CORTESIA POR ACTUALIZACION DE DATOS ', '2019-10-05 13:53:08', 9),
	(104, 540, '                \r\n               PASE DE CORTESIA POR ACTUALIZACION DE DATOS ', '2019-10-05 14:00:40', 9),
	(105, 354, '                \r\n               PASE DE CORTESIA POR ACTUALIZACION DE DATOS ', '2019-10-05 14:02:28', 9),
	(106, 340, '                \r\n               PASE DE CORTESIA POR ACTUALIZACION DE DATOS ', '2019-10-05 14:05:21', 9),
	(107, 233, '                \r\n              INGENIERO DE SISTEMAS CARLOS...', '2019-10-05 14:05:48', 14),
	(108, 234, '                \r\n               PASE DE CORTESIA POR ACTUALIZACION DE DATOS ', '2019-10-05 14:07:43', 9),
	(109, 543, '                \r\n               PASE DE CORTESIA POR ACTUALIZACION DE DATOS ', '2019-10-05 14:09:18', 9),
	(110, 552, '                \r\n               PASE DE CORTESIA POR ACTUALIZACION DE DATOS ', '2019-10-05 14:16:18', 9),
	(111, 550, '                \r\n               PASE DE CORTESIA POR ACTUALIZACION DE DATOS ', '2019-10-05 14:18:59', 9),
	(112, 242, '                \r\n               PASE DE CORTESIA POR ACTUALIZACION DE DATOS ', '2019-10-05 14:21:12', 9),
	(113, 555, '                \r\n               PASE DE CORTESIA POR ACTUALIZACION DE DATOS ', '2019-10-05 14:23:59', 9),
	(114, 333, '                \r\n               PASE DE CORTESIA POR ACTUALIZACION DE DATOS ', '2019-10-05 14:26:27', 9),
	(115, 452, 'ACTUALIZACION DE DATOS\r\n              ', '2019-10-05 14:54:50', 2),
	(116, 239, '                \r\n PASE DE CORTESIA POR ACTUALIZACION DE DATOS', '2019-10-05 15:05:44', 9),
	(117, 406, '                PASE DE CORTESIA POR ACTUALIZACION DE DATOS\r\n              ', '2019-10-05 15:09:52', 9),
	(118, 374, '                \r\n              PASE DE CORTESIA POR ACTUALIZACION DE DATOS', '2019-10-05 15:14:12', 9),
	(119, 536, '                \r\n              PASO DE CORTESIA POR ACTUALIZACION DE DATOS ', '2019-10-05 15:16:21', 9),
	(120, 330, '                \r\n               PASO DE CORTESIA POR ACTUALIZACION DE DATOS ', '2019-10-05 15:18:03', 9),
	(121, 315, '                \r\n              PLACA DOA38D MOTO SZR NO ESTA DE ACUERDO CON EL CAMBIO DE PRECIO...', '2019-10-05 15:18:04', 14),
	(122, 338, '                \r\n              MOTOCICLETA NRD07A NO ESTA DE ACUERDO CON EL PRECIO DE DIA', '2019-10-05 15:18:48', 14),
	(123, 323, '                \r\n               PASO DE CORTESIA POR ACTUALIZACION DE DATOS ', '2019-10-05 15:25:28', 9),
	(124, 404, '                \r\n               PASO DE CORTESIA POR ACTUALIZACION DE DATOS ', '2019-10-05 15:27:25', 9),
	(125, 582, '                \r\n              PASE DE CORTESIA POR ACTUALIZACION TARJETA', '2019-10-05 15:29:06', 10),
	(126, 405, '                \r\n               PASO DE CORTESIA POR ACTUALIZACION DE DATOS ', '2019-10-05 15:29:20', 9),
	(127, 316, '                \r\n               PASO DE CORTESIA POR ACTUALIZACION DE DATOS ', '2019-10-05 15:31:06', 9),
	(128, 296, '                \r\n               PASO DE CORTESIA POR ACTUALIZACION DE DATOS ', '2019-10-05 15:38:08', 15),
	(129, 387, '                \r\n               PASO DE CORTESIA POR ACTUALIZACION DE DATOS ', '2019-10-05 15:39:38', 15),
	(130, 587, '                \r\n             PASE DE CORTESIA POR ACTUALIZACION TARJETA', '2019-10-05 15:45:01', 10),
	(131, 586, '                \r\n               PASO DE CORTESIA POR ACTUALIZACION DE DATOS ', '2019-10-05 15:50:23', 15),
	(132, 481, '                \r\n               PASO DE CORTESIA POR ACTUALIZACION DE DATOS ', '2019-10-05 15:54:07', 15),
	(133, 444, '                \r\n               PASO DE CORTESIA POR ACTUALIZACION DE DATOS ', '2019-10-05 16:09:23', 15),
	(134, 600, '                \r\n               PASO DE CORTESIA POR ACTUALIZACION DE DATOS ', '2019-10-05 16:18:13', 15),
	(135, 282, '                \r\n               PASO DE CORTESIA POR ACTUALIZACION DE DATOS ', '2019-10-05 16:21:48', 15),
	(136, 631, '                 PASO DE CORTESIA POR ACTUALIZACION DE DATOS \r\n              ', '2019-10-05 16:28:28', 15),
	(137, 350, '                \r\n               PASO DE CORTESIA POR ACTUALIZACION DE DATOS ', '2019-10-05 16:31:40', 15),
	(138, 343, '                \r\n               PASO DE CORTESIA POR ACTUALIZACION DE DATOS ', '2019-10-05 16:39:06', 15),
	(139, 504, '                \r\n               PASO DE CORTESIA POR ACTUALIZACION DE DATOS ', '2019-10-05 16:41:41', 15),
	(140, 339, '                \r\n               PASO DE CORTESIA POR ACTUALIZACION DE DATOS ', '2019-10-05 16:44:02', 15),
	(141, 415, '                \r\n               PASO DE CORTESIA POR ACTUALIZACION DE DATOS ', '2019-10-05 16:49:41', 15),
	(142, 293, '                \r\n               PASO DE CORTESIA POR ACTUALIZACION DE DATOS ', '2019-10-05 16:53:18', 15),
	(143, 644, '                \r\n               PASO DE CORTESIA POR ACTUALIZACION DE DATOS ', '2019-10-05 16:56:09', 15),
	(144, 249, '                \r\n               PASO DE CORTESIA POR ACTUALIZACION DE DATOS ', '2019-10-05 16:58:40', 15),
	(145, 592, 'PERDIDA DE TIKCET PERO EL CLIENTE LO PAGO Y ENCONTRO', '2019-10-05 17:38:00', 2),
	(146, 304, 'ACTUALIZACION DE DATOS...', '2019-10-05 17:39:32', 2),
	(147, 286, '                \r\n              PASO DE  CORTESIA POR ACTUALIZACION DE DATOS ', '2019-10-05 18:04:10', 15),
	(148, 366, '                \r\n              PASO DE  CORTESIA POR ACTUALIZACION DE DATOS ', '2019-10-05 18:09:10', 15),
	(149, 285, '                \r\n              PASO DE  CORTESIA POR ACTUALIZACION DE DATOS ', '2019-10-05 18:11:21', 15),
	(150, 670, '                \r\n              PASO DE  CORTESIA POR ACTUALIZACION DE DATOS ', '2019-10-05 18:13:08', 15),
	(151, 677, '                \r\n              PASO DE  CORTESIA POR ACTUALIZACION DE DATOS ', '2019-10-05 18:20:13', 15),
	(152, 244, '                \r\n              PASO DE  CORTESIA POR ACTUALIZACION DE DATOS ', '2019-10-05 18:38:03', 15),
	(153, 503, '                \r\n              PASO DE  CORTESIA POR ACTUALIZACION DE DATOS ', '2019-10-05 18:39:22', 15),
	(154, 321, '                \r\n              PASO DE CORTESIA POR ACTUALIZACION DE DATOS', '2019-10-06 09:28:13', 15),
	(155, 579, '                \r\n         PASO DE CORTESIA POR ACTUALIZACION DE DATOS', '2019-10-06 09:44:32', 15),
	(156, 653, '                \r\n                       PASO DE CORTESIA POR ACTUALIZACION DE DATOS', '2019-10-06 10:25:27', 15),
	(157, 684, '                \r\n                       PASO DE CORTESIA POR ACTUALIZACION DE DATOS', '2019-10-06 10:29:32', 15),
	(158, 365, '         PASO DE CORTESIA POR ACTUALIZACION DE DATOS', '2019-10-06 13:29:25', 15),
	(159, 847, 'PASE DE CORTESIA POR ACTUALIZACION DE DATOS ', '2019-10-07 09:38:23', 15),
	(160, 849, 'PASE DE CORTESIA POR ACTUALIZACION DE DATOS ', '2019-10-07 09:41:58', 15),
	(161, 865, 'PASE DE CORTESIA POR ACTUALIZACION DE DATOS ', '2019-10-07 09:44:31', 15),
	(162, 276, 'PASE DE CORTESIA POR ACTUALIZACION DE DATOS', '2019-10-07 09:48:08', 15),
	(163, 873, 'PASE DE CORTESIA POR ACTUALIZACION DE DATOS', '2019-10-07 09:54:51', 15),
	(164, 845, 'PASE DE CORTESIA POR ACTUALIZACION DE DATOS', '2019-10-07 09:59:51', 15),
	(165, 880, 'PASE DE CORTESIA POR ACTUALIZACION DE DATOS', '2019-10-07 10:01:51', 15),
	(166, 882, 'PASE DE CORTESIA POR ACTUALIZACION DE DATOS', '2019-10-07 10:04:27', 15),
	(167, 295, 'PASE DE CORTESIA POR ACTUALIZACION DE DATOS', '2019-10-07 10:11:37', 15),
	(168, 802, 'PASE DE CORTESIA POR ACTUALIZACION DE DATOS', '2019-10-07 10:17:40', 15),
	(169, 775, 'PASE DE CORTESIA POR ACTUALIZACION DE DATOS', '2019-10-07 10:25:43', 15),
	(170, 909, 'PASE DE CORTESIA POR ACTUALIZACION DE DATOS ', '2019-10-07 11:05:59', 15),
	(171, 838, 'PASE DE CORTESIA POR ACTUALIZACION DE DATOS ', '2019-10-07 11:34:58', 15),
	(172, 853, 'PASE DE CORTESIA POR ACTUALIZACION DE DATOS ', '2019-10-07 11:43:48', 15),
	(173, 788, 'PASE DE CORTESIA POR ACTUALIZACION DE DATOS ', '2019-10-07 11:44:04', 15),
	(174, 811, 'PASE DE CORTESIA POR ACTUALIZACION DE DATOS ', '2019-10-07 12:02:54', 15),
	(175, 425, 'PASE DE CORTESIA POR ACTUALIZACION DE DATOS ', '2019-10-07 12:09:08', 15),
	(176, 944, 'PASE DE CORTESIA POR ACTUALIZACION DE DATOS ', '2019-10-07 12:12:34', 15),
	(177, 808, 'PASE DE CORTESIA POR ACTUALIZACION DE DATOS ', '2019-10-07 12:31:35', 15),
	(178, 814, 'PASE DE CORTESIA POR ACTUALIZACION DE DATOS', '2019-10-07 12:50:08', 15),
	(179, 862, 'PASE DE CORTESIA POR ACTUALIZACION DE DATOS', '2019-10-07 12:51:07', 15),
	(180, 355, 'PASE DE CORTESIA POR ACTUALIZACION DE DATOS', '2019-10-07 12:59:46', 15),
	(181, 1021, 'PASE DE CORTESIA POR ACTUALIZACION DE DATOS ', '2019-10-07 15:09:32', 15),
	(182, 936, 'PASE DE CORTESIA POR ACTUALIZACION DE DATOS', '2019-10-07 15:19:57', 15),
	(183, 912, 'PASE DE CORTESIA POR ACTUALIZACION DE DATOS', '2019-10-07 15:20:08', 15),
	(184, 1024, 'PASE DE CORTESIA POR ACTUALIZACION DE DATOS', '2019-10-07 15:21:05', 15),
	(185, 989, 'PASE DE CORTESIA POR ACTUALIZACION DE DATOS', '2019-10-07 15:22:55', 15),
	(186, 994, 'PASE DE CORTESIA POR ACTUALIZACION DE DATOS', '2019-10-07 15:47:50', 15),
	(187, 1038, '0000700472', '2019-10-07 15:57:57', 15),
	(188, 1047, 'PASE DE CORTESIA POR ACTUALIZACION DE DATOS ', '2019-10-07 16:10:52', 15),
	(189, 833, 'PASE DE CORTESIA POR ACTUALIZACION DE DATOS', '2019-10-07 16:59:41', 15),
	(190, 778, 'PASE DE CORTESIA POR ACTUALIZACION DE DATOS ', '2019-10-07 17:07:42', 15),
	(191, 938, 'PASE DE CORTESIA POR ACTUALIZACION DE DATOS', '2019-10-07 17:11:21', 15),
	(192, 869, 'PROPIETARIO YACKELINE ENCONTRO TARJETA DE ENTRADA', '2019-10-07 17:29:08', 14),
	(193, 925, 'PASE DE CORTESIA POR ACTUALIZACION DE DATOS ', '2019-10-07 17:41:07', 15),
	(194, 1055, 'PASE DE CORTESIA POR ACTUALIZACION DE DATOS ', '2019-10-07 17:54:27', 15),
	(195, 784, 'PASE DE CORTESIA POR ACTUALIZACION DE DATOS ', '2019-10-07 18:00:31', 15),
	(196, 793, 'PASE DE CORTESIA POR ACTUALIZACION DE DATOS ', '2019-10-07 18:04:14', 15),
	(197, 809, 'COOPSERCIVICOS... NO HA ACTUALIZADO....', '2019-10-07 18:08:34', 14),
	(198, 1136, 'PASE DE CORTESIA POR ACTUALIZACION DE DATOS ', '2019-10-07 18:39:15', 15),
	(199, 844, 'PASE DE CORTESIA POR ACTUALIZACION DE DATOS ', '2019-10-07 18:52:56', 15),
	(200, 790, 'DON WILLIAM ESTEVEZ SE LE QUEDO TARJETA', '2019-10-07 18:57:38', 14),
	(201, 937, 'DIANA BARCO   NO COLOCO LA TARJETA', '2019-10-07 19:09:37', 14);
/*!40000 ALTER TABLE `nopagoservicio` ENABLE KEYS */;

-- Volcando estructura para tabla deparqueo_bd.pago
CREATE TABLE IF NOT EXISTS `pago` (
  `id` int(11) NOT NULL AUTO_INCREMENT,
  `fecha` datetime DEFAULT NULL,
  `valor` decimal(8,0) DEFAULT NULL,
  `ingreso` int(11) DEFAULT NULL,
  `factura` decimal(10,0) DEFAULT NULL,
  `entrego` decimal(8,0) DEFAULT NULL,
  `cambio` decimal(8,0) DEFAULT NULL,
  `iva` decimal(8,0) DEFAULT NULL,
  `usuario` int(11) DEFAULT NULL,
  `caja` int(11) DEFAULT NULL,
  PRIMARY KEY (`id`),
  KEY `IXFK_pago_caja` (`caja`),
  KEY `IXFK_pago_ingresonormal` (`ingreso`),
  KEY `IXFK_pago_usuario` (`usuario`),
  CONSTRAINT `FK_pago_caja` FOREIGN KEY (`caja`) REFERENCES `caja` (`id`),
  CONSTRAINT `FK_pago_usuario` FOREIGN KEY (`usuario`) REFERENCES `usuario` (`id`)
) ENGINE=InnoDB AUTO_INCREMENT=489 DEFAULT CHARSET=utf8 COLLATE=utf8_spanish_ci COMMENT='Almacena la informaci?n de los pagos del ingreso';

-- Volcando datos para la tabla deparqueo_bd.pago: ~487 rows (aproximadamente)
/*!40000 ALTER TABLE `pago` DISABLE KEYS */;
INSERT INTO `pago` (`id`, `fecha`, `valor`, `ingreso`, `factura`, `entrego`, `cambio`, `iva`, `usuario`, `caja`) VALUES
	(2, '2019-06-22 07:55:58', 2000, 2, NULL, NULL, NULL, NULL, 3, 1),
	(3, '2019-06-24 11:42:03', 2000, 11, NULL, NULL, NULL, NULL, 3, 1),
	(4, '2019-06-24 11:42:09', 2000, 11, NULL, NULL, NULL, NULL, 3, 1),
	(5, '2019-06-24 11:42:45', 2000, 11, NULL, NULL, NULL, NULL, 3, 1),
	(6, '2019-06-30 15:16:33', 10000, 12, NULL, NULL, NULL, NULL, 3, 1),
	(7, '2019-06-30 16:11:30', 120000, NULL, NULL, NULL, NULL, NULL, 3, 1),
	(8, '2019-08-28 22:03:03', 9000, 14, NULL, NULL, NULL, NULL, 3, 1),
	(9, '2019-08-28 22:42:29', 500, 15, NULL, NULL, NULL, NULL, 3, 1),
	(10, '2019-08-30 22:48:30', 2000, 28, NULL, NULL, NULL, NULL, 3, 1),
	(11, '2019-08-31 11:57:35', 500, 37, NULL, NULL, NULL, NULL, 3, 1),
	(12, '2019-08-31 11:59:31', 1000, 38, NULL, NULL, NULL, NULL, 3, 1),
	(13, '2019-08-31 13:04:09', 2000, 39, NULL, NULL, NULL, NULL, 3, 1),
	(14, '2019-09-05 07:41:22', 1000, 58, NULL, NULL, NULL, NULL, 3, 1),
	(15, '2019-09-14 08:21:12', 5000, 66, NULL, NULL, NULL, NULL, 3, 1),
	(16, '2019-09-15 20:09:00', 2952, 68, NULL, 5000, 2000, 48, 3, 1),
	(17, '2019-09-15 20:33:50', 1680, 69, NULL, 10000, 8000, 320, 3, 1),
	(18, '2019-09-17 21:00:17', 100800, NULL, NULL, 150000, 30000, 19200, 3, 1),
	(19, '2019-09-22 12:21:36', 420, 75, NULL, 1000, 500, 80, 3, 1),
	(20, '2019-09-22 12:42:36', 810, 74, NULL, 5000, 4000, 190, 3, 1),
	(21, '2019-09-26 20:51:28', 810, 87, NULL, 0, 0, 190, 1, 1),
	(22, '2019-09-26 21:00:15', 810, 86, NULL, 0, 0, 190, 1, 1),
	(23, '2019-09-26 21:08:39', 810, 88, NULL, 0, 0, 190, 1, 1),
	(24, '2019-09-28 20:19:37', 810, 95, NULL, 0, 0, 190, 1, 1),
	(25, '2019-09-28 20:22:40', 810, 94, NULL, 2000, 1000, 190, 3, 1),
	(26, '2019-09-28 20:28:48', 405, 98, NULL, 0, 0, 95, 1, 1),
	(27, '2019-09-28 20:30:08', 0, 103, NULL, 0, 0, 0, 1, 1),
	(28, '2019-09-28 20:38:02', 405, 105, NULL, 0, 0, 95, 1, 1),
	(29, '2019-09-28 20:40:57', 405, 107, NULL, 1000, 500, 95, 3, 1),
	(30, '2019-09-28 21:10:50', 405, 128, NULL, 1000, 500, 95, 3, 1),
	(31, '2019-09-28 21:12:10', 405, 126, NULL, 1000, 500, 95, 3, 1),
	(32, '2019-09-28 21:17:19', 405, 130, NULL, 1000, 500, 95, 3, 1),
	(33, '2019-09-28 21:20:28', 810, 131, NULL, 2000, 1000, 190, 3, 1),
	(34, '2019-09-28 21:21:42', 405, 132, NULL, 1000, 500, 95, 3, 1),
	(35, '2019-09-28 21:21:43', 405, 132, NULL, 1000, 500, 95, 3, 1),
	(36, '2019-09-28 21:21:43', 405, 132, NULL, 1000, 500, 95, 3, 1),
	(37, '2019-09-28 21:21:43', 405, 132, NULL, 1000, 500, 95, 3, 1),
	(38, '2019-09-28 21:21:44', 405, 132, NULL, 1000, 500, 95, 3, 1),
	(39, '2019-09-28 21:21:44', 405, 132, NULL, 1000, 500, 95, 3, 1),
	(40, '2019-09-28 21:21:44', 405, 132, NULL, 1000, 500, 95, 3, 1),
	(41, '2019-09-28 21:21:44', 405, 132, NULL, 1000, 500, 95, 3, 1),
	(42, '2019-09-28 21:21:45', 405, 132, NULL, 1000, 500, 95, 3, 1),
	(43, '2019-09-28 21:21:45', 405, 132, NULL, 1000, 500, 95, 3, 1),
	(44, '2019-09-28 21:24:09', 405, 133, NULL, 2000, 1500, 95, 3, 1),
	(45, '2019-09-28 21:37:21', 405, 140, NULL, 2000, 1500, 95, 3, 1),
	(46, '2019-09-28 21:47:44', 405, 142, NULL, 0, 0, 95, 1, 1),
	(47, '2019-09-28 21:51:06', 3240, 117, NULL, 0, 0, 760, 1, 1),
	(48, '2019-09-28 21:54:33', 810, 143, NULL, 0, 0, 190, 1, 1),
	(49, '2019-09-28 21:55:01', 405, 144, NULL, 0, 0, 95, 1, 1),
	(50, '2019-09-30 20:14:45', 405, 153, NULL, 0, 0, 95, 1, 1),
	(51, '2019-09-30 20:15:14', 405, 152, NULL, 0, 0, 95, 1, 1),
	(52, '2019-09-30 20:16:28', 405, 154, NULL, 0, 0, 95, 1, 1),
	(53, '2019-09-30 20:18:54', 405, 162, NULL, 0, 0, 95, 1, 1),
	(54, '2019-09-30 20:22:40', 405, 164, NULL, 0, 0, 95, 1, 1),
	(55, '2019-09-30 20:29:58', 405, 166, NULL, 0, 0, 95, 1, 1),
	(56, '2019-09-30 20:32:44', 405, 165, NULL, 0, 0, 95, 1, 1),
	(57, '2019-09-30 20:34:25', 405, 170, NULL, 0, 0, 95, 1, 1),
	(58, '2019-09-30 20:35:33', 405, 169, NULL, 0, 0, 95, 1, 1),
	(59, '2019-09-30 20:37:01', 0, 173, NULL, 0, 0, 0, 1, 1),
	(60, '2019-09-30 20:39:59', 405, 174, NULL, 0, 0, 95, 1, 1),
	(61, '2019-09-30 20:41:23', 405, 175, NULL, 0, 0, 95, 1, 1),
	(62, '2019-10-02 21:01:51', 405, 180, NULL, 10000, 9500, 95, 3, 1),
	(63, '2019-10-03 19:06:26', 405, 186, NULL, 0, 0, 95, 7, 2),
	(64, '2019-10-03 20:25:29', 405, 189, NULL, 0, 0, 95, 7, 2),
	(65, '2019-10-03 20:28:26', 405, 188, NULL, 1000, 500, 95, 3, 1),
	(66, '2019-10-03 20:29:44', 405, 187, NULL, 0, 0, 95, 8, 2),
	(67, '2019-10-03 20:33:30', 405, 190, NULL, 0, 0, 95, 8, 2),
	(68, '2019-10-03 20:39:56', 405, 200, NULL, 0, 0, 95, 7, 2),
	(69, '2019-10-03 20:41:57', 405, 201, NULL, 5000, 4500, 95, 3, 1),
	(70, '2019-10-03 20:43:49', 405, 198, NULL, 0, 0, 95, 7, 2),
	(71, '2019-10-03 20:44:57', 405, 197, NULL, 10000, 9500, 95, 3, 1),
	(72, '2019-10-03 20:58:59', 405, 205, NULL, 0, 0, 95, 8, 2),
	(73, '2019-10-03 20:59:22', 405, 204, NULL, 0, 0, 95, 8, 2),
	(74, '2019-10-03 21:01:26', 810, 203, NULL, 0, 0, 190, 8, 2),
	(75, '2019-10-03 21:06:57', 405, 210, NULL, 0, 0, 95, 7, 2),
	(76, '2019-10-03 21:09:58', 405, 212, NULL, 1000, 500, 95, 3, 1),
	(77, '2019-10-03 21:16:35', 405, 211, NULL, 0, 0, 95, 8, 2),
	(78, '2019-10-03 21:37:48', 405, 213, NULL, 0, 0, 95, 8, 2),
	(79, '2019-10-03 21:47:20', 405, 215, NULL, 0, 0, 95, 8, 2),
	(80, '2019-10-03 21:50:46', 405, 216, NULL, 0, 0, 95, 8, 2),
	(81, '2019-10-04 20:08:01', 405, 220, NULL, 0, 0, 95, 7, 2),
	(82, '2019-10-04 20:08:56', 405, 219, NULL, 0, 0, 95, 7, 2),
	(83, '2019-10-04 20:13:50', 405, 218, NULL, 0, 0, 95, 7, 2),
	(84, '2019-10-04 23:44:44', 405, 223, 3, 0, 0, 95, 5, 2),
	(85, '2019-10-04 23:45:11', 405, 224, 4, 0, 0, 95, 5, 2),
	(86, '2019-10-04 23:51:57', 810, 226, 5, 5000, 4000, 190, 3, 1),
	(87, '2019-10-04 23:53:03', 24300, NULL, 6, 40000, 10000, 5700, 3, 1),
	(88, '2019-10-04 23:57:17', 24300, NULL, 7, 50000, 20000, 5700, 3, 1),
	(89, '2019-10-04 23:57:49', 4050, NULL, 8, 10000, 5000, 950, 3, 1),
	(90, '2019-10-05 07:27:05', 405, 236, 134107, 0, 0, 95, 7, 2),
	(91, '2019-10-05 07:46:38', 405, 240, 134108, 0, 0, 95, 7, 2),
	(92, '2019-10-05 08:14:24', 405, 255, 134109, 0, 0, 95, 7, 2),
	(93, '2019-10-05 08:18:25', 405, 262, 134110, 0, 0, 95, 7, 2),
	(94, '2019-10-05 08:32:19', 405, 278, 134111, 0, 0, 95, 7, 2),
	(95, '2019-10-05 08:33:50', 405, 270, 134112, 0, 0, 95, 7, 2),
	(96, '2019-10-05 08:37:27', 486, 261, 134113, 1000, 400, 114, 3, 1),
	(97, '2019-10-05 08:37:34', 405, 280, 134114, 0, 0, 95, 7, 2),
	(98, '2019-10-05 08:47:19', 405, 291, 134115, 0, 0, 95, 7, 2),
	(99, '2019-10-05 08:59:30', 243, 301, 134116, 0, 0, 57, 7, 2),
	(100, '2019-10-05 09:07:45', 810, 297, 134117, 0, 0, 190, 7, 2),
	(101, '2019-10-05 09:13:23', 405, 313, 134118, 0, 0, 95, 7, 2),
	(102, '2019-10-05 09:15:57', 84240, NULL, 134119, 104000, 0, 19760, 3, 1),
	(103, '2019-10-05 09:16:38', 810, 302, 134120, 0, 0, 190, 7, 2),
	(104, '2019-10-05 09:20:47', 810, 300, 134121, 0, 0, 190, 7, 2),
	(105, '2019-10-05 09:21:38', 405, 320, 134122, 0, 0, 95, 7, 2),
	(106, '2019-10-05 09:23:17', 810, 310, 134123, 0, 0, 190, 7, 2),
	(107, '2019-10-05 09:30:29', 405, 331, 134124, 0, 0, 95, 7, 2),
	(108, '2019-10-05 09:31:24', 2025, 277, 134125, 0, 0, 475, 7, 2),
	(109, '2019-10-05 09:34:34', 405, 332, 134126, 0, 0, 95, 7, 2),
	(110, '2019-10-05 09:38:33', 810, 317, 134127, 2000, 1000, 190, 12, 1),
	(111, '2019-10-05 09:40:57', 1215, 305, 134128, 0, 0, 285, 7, 2),
	(112, '2019-10-05 09:42:05', 729, 312, 134129, 2000, 1100, 171, 12, 1),
	(113, '2019-10-05 09:46:50', 405, 342, 134130, 0, 0, 95, 7, 2),
	(114, '2019-10-05 09:47:15', 729, 311, 134131, 2000, 1100, 171, 3, 1),
	(115, '2019-10-05 09:54:56', 405, 351, 134132, 0, 0, 95, 7, 2),
	(116, '2019-10-05 09:57:27', 243, 349, 134133, 2000, 1700, 57, 12, 1),
	(117, '2019-10-05 10:00:49', 405, 356, 134134, 0, 0, 95, 7, 2),
	(118, '2019-10-05 10:02:43', 405, 353, 134135, 0, 0, 95, 7, 2),
	(119, '2019-10-05 10:05:09', 810, 348, 134136, 0, 0, 190, 7, 2),
	(120, '2019-10-05 10:08:35', 405, 362, 134137, 0, 0, 95, 7, 2),
	(121, '2019-10-05 10:10:02', 84240, NULL, 134138, 120000, 16000, 19760, 12, 1),
	(122, '2019-10-05 10:12:33', 405, 364, 134139, 0, 0, 95, 7, 2),
	(123, '2019-10-05 10:15:58', 405, 368, 134140, 0, 0, 95, 7, 2),
	(124, '2019-10-05 10:25:56', 2025, 322, 134141, 5000, 2500, 475, 12, 1),
	(125, '2019-10-05 10:26:43', 405, 375, 134142, 0, 0, 95, 7, 2),
	(126, '2019-10-05 10:32:23', 405, 381, 134143, 0, 0, 95, 7, 2),
	(127, '2019-10-05 10:33:32', 1620, 346, 134144, 20000, 18000, 380, 12, 1),
	(128, '2019-10-05 10:35:05', 405, 376, 134145, 0, 0, 95, 7, 2),
	(129, '2019-10-05 10:38:13', 405, 385, 134146, 0, 0, 95, 7, 2),
	(130, '2019-10-05 10:39:13', 486, 367, 134147, 1000, 400, 114, 12, 1),
	(131, '2019-10-05 10:42:33', 243, 378, 134148, 500, 200, 57, 12, 1),
	(132, '2019-10-05 10:43:38', 405, 392, 134149, 0, 0, 95, 7, 2),
	(133, '2019-10-05 10:45:56', 405, 395, 134150, 0, 0, 95, 7, 2),
	(134, '2019-10-05 10:47:48', 810, 371, 134151, 2000, 1000, 190, 12, 1),
	(135, '2019-10-05 10:51:36', 1620, 358, 134152, 0, 0, 380, 7, 2),
	(136, '2019-10-05 10:52:36', 405, 393, 134153, 5000, 4500, 95, 12, 1),
	(137, '2019-10-05 10:52:36', 405, 400, 134153, 0, 0, 95, 7, 2),
	(138, '2019-10-05 10:54:14', 1215, 345, 134154, 2000, 500, 285, 12, 1),
	(139, '2019-10-05 10:54:30', 405, 399, 134155, 0, 0, 95, 7, 2),
	(140, '2019-10-05 10:55:12', 405, 398, 134156, 0, 0, 95, 7, 2),
	(141, '2019-10-05 11:02:11', 405, 409, 134157, 0, 0, 95, 7, 2),
	(142, '2019-10-05 11:04:20', 243, 408, 134158, 300, 0, 57, 12, 1),
	(143, '2019-10-05 11:05:09', 243, 407, 134159, 300, 0, 57, 12, 1),
	(144, '2019-10-05 11:11:58', 405, 419, 134160, 0, 0, 95, 7, 2),
	(145, '2019-10-05 11:13:15', 405, 411, 134161, 0, 0, 95, 7, 2),
	(146, '2019-10-05 11:16:36', 243, 416, 134162, 1000, 700, 57, 12, 1),
	(147, '2019-10-05 11:17:22', 243, 418, 134163, 300, 0, 57, 12, 1),
	(148, '2019-10-05 11:24:09', 243, 420, 134164, 300, 0, 57, 12, 1),
	(149, '2019-10-05 11:27:09', 405, 426, 134165, 0, 0, 95, 7, 2),
	(150, '2019-10-05 11:27:51', 405, 428, 134166, 0, 0, 95, 7, 2),
	(151, '2019-10-05 11:30:53', 243, 423, 134167, 1000, 700, 57, 12, 1),
	(152, '2019-10-05 11:39:54', 405, 440, 134168, 0, 0, 95, 7, 2),
	(153, '2019-10-05 11:41:53', 405, 442, 134169, 0, 0, 95, 7, 2),
	(154, '2019-10-05 11:42:11', 405, 441, 134170, 0, 0, 95, 7, 2),
	(155, '2019-10-05 11:45:46', 243, 439, 134171, 2000, 1700, 57, 12, 1),
	(156, '2019-10-05 11:46:37', 486, 435, 134172, 1000, 400, 114, 12, 1),
	(157, '2019-10-05 11:48:59', 486, 433, 134173, 1000, 400, 114, 12, 1),
	(158, '2019-10-05 11:49:09', 486, 434, 134174, 600, 0, 114, 12, 1),
	(159, '2019-10-05 11:50:55', 405, 449, 134175, 0, 0, 95, 7, 2),
	(160, '2019-10-05 11:55:55', 405, 453, 134176, 0, 0, 95, 7, 2),
	(161, '2019-10-05 11:57:46', 405, 455, 134177, 0, 0, 95, 7, 2),
	(162, '2019-10-05 11:58:45', 405, 457, 134178, 0, 0, 95, 7, 2),
	(163, '2019-10-05 11:59:41', 405, 451, 134179, 0, 0, 95, 7, 2),
	(164, '2019-10-05 12:01:15', 405, 460, 134180, 0, 0, 95, 7, 2),
	(165, '2019-10-05 12:02:43', 405, 461, 134181, 0, 0, 95, 7, 2),
	(166, '2019-10-05 12:08:03', 729, 438, 134182, 900, 0, 171, 12, 1),
	(167, '2019-10-05 12:11:27', 486, 447, 134183, 1000, 400, 114, 12, 1),
	(168, '2019-10-05 12:12:14', 405, 465, 134184, 1000, 500, 95, 12, 1),
	(169, '2019-10-05 12:17:32', 486, 459, 134185, 600, 0, 114, 12, 1),
	(170, '2019-10-05 12:20:08', 729, 448, 134186, 5000, 4100, 171, 12, 1),
	(171, '2019-10-05 12:20:42', 243, 470, 134187, 0, 0, 57, 7, 2),
	(172, '2019-10-05 12:20:59', 405, 475, 134188, 0, 0, 95, 7, 2),
	(173, '2019-10-05 12:21:45', 486, 463, 134189, 2000, 1400, 114, 12, 1),
	(174, '2019-10-05 12:22:56', 1701, 394, 134190, 0, 0, 399, 7, 2),
	(175, '2019-10-05 12:32:56', 729, 462, 134191, 1000, 100, 171, 12, 1),
	(176, '2019-10-05 12:34:18', 1701, 403, 134192, 3000, 900, 399, 12, 1),
	(177, '2019-10-05 12:35:38', 405, 484, 134193, 0, 0, 95, 7, 2),
	(178, '2019-10-05 12:36:17', 4050, 363, 134194, 0, 0, 950, 7, 2),
	(179, '2019-10-05 12:37:07', 1215, 431, 134195, 0, 0, 285, 7, 2),
	(180, '2019-10-05 12:37:51', 405, 483, 134196, 0, 0, 95, 7, 2),
	(181, '2019-10-05 12:38:22', 243, 482, 134197, 0, 0, 57, 7, 2),
	(182, '2019-10-05 12:40:47', 405, 486, 134198, 0, 0, 95, 7, 2),
	(183, '2019-10-05 12:43:36', 729, 468, 134199, 0, 0, 171, 7, 2),
	(184, '2019-10-05 12:51:26', 729, 464, 134200, 20000, 19100, 171, 12, 1),
	(185, '2019-10-05 12:54:29', 729, 473, 134201, 1000, 100, 171, 12, 1),
	(186, '2019-10-05 12:56:11', 405, 497, 134202, 0, 0, 95, 7, 2),
	(187, '2019-10-05 12:57:16', 810, 485, 134203, 0, 0, 190, 7, 2),
	(188, '2019-10-05 12:58:25', 1215, 477, 134204, 0, 0, 285, 7, 2),
	(189, '2019-10-05 13:00:18', 405, 506, 134205, 0, 0, 95, 7, 2),
	(190, '2019-10-05 13:03:19', 405, 505, 134206, 0, 0, 95, 7, 2),
	(191, '2019-10-05 13:03:40', 405, 508, 134207, 0, 0, 95, 7, 2),
	(192, '2019-10-05 13:07:58', 405, 498, 134208, 0, 0, 95, 7, 2),
	(193, '2019-10-05 13:09:15', 405, 510, 134209, 0, 0, 95, 7, 2),
	(194, '2019-10-05 13:11:02', 405, 514, 134210, 0, 0, 95, 7, 2),
	(195, '2019-10-05 13:13:08', 486, 502, 134211, 600, 0, 114, 12, 1),
	(196, '2019-10-05 13:15:29', 243, 513, 134212, 300, 0, 57, 12, 1),
	(197, '2019-10-05 13:18:18', 405, 518, 134213, 0, 0, 95, 7, 2),
	(198, '2019-10-05 13:20:37', 0, 523, 134214, 0, 0, 0, 7, 2),
	(199, '2019-10-05 13:21:27', 2025, 467, 134215, 0, 0, 475, 7, 2),
	(200, '2019-10-05 13:25:10', 405, 528, 134216, 0, 0, 95, 7, 2),
	(201, '2019-10-05 13:30:15', 405, 531, 134217, 0, 0, 95, 7, 2),
	(202, '2019-10-05 13:34:44', 405, 532, 134218, 0, 0, 95, 7, 2),
	(203, '2019-10-05 13:35:51', 243, 526, 134219, 300, 0, 57, 12, 1),
	(204, '2019-10-05 13:37:26', 405, 533, 134220, 0, 0, 95, 7, 2),
	(205, '2019-10-05 13:38:59', 486, 515, 134221, 600, 0, 114, 12, 1),
	(206, '2019-10-05 13:42:21', 1215, 488, 134222, 20000, 18500, 285, 12, 1),
	(207, '2019-10-05 13:48:05', 405, 538, 134223, 0, 0, 95, 7, 2),
	(208, '2019-10-05 13:50:07', 810, 530, 134224, 0, 0, 190, 7, 2),
	(209, '2019-10-05 13:53:01', 405, 541, 134225, 0, 0, 95, 7, 2),
	(210, '2019-10-05 14:06:41', 405, 554, 134226, 0, 0, 95, 13, 2),
	(211, '2019-10-05 14:08:47', 72900, NULL, 134227, 90000, 0, 17100, 12, 1),
	(212, '2019-10-05 14:17:29', 405, 558, 134228, 0, 0, 95, 13, 2),
	(213, '2019-10-05 14:22:40', 405, 564, 134229, 0, 0, 95, 7, 2),
	(214, '2019-10-05 14:23:12', 405, 565, 134230, 0, 0, 95, 7, 2),
	(215, '2019-10-05 14:27:30', 1215, 535, 134231, 0, 0, 285, 7, 2),
	(216, '2019-10-05 14:33:09', 405, 574, 134232, 0, 0, 95, 7, 2),
	(217, '2019-10-05 14:33:45', 405, 572, 134233, 0, 0, 95, 7, 2),
	(218, '2019-10-05 14:35:34', 405, 573, 134234, 0, 0, 95, 7, 2),
	(219, '2019-10-05 14:37:04', 405, 577, 134235, 0, 0, 95, 7, 2),
	(220, '2019-10-05 14:38:04', 405, 576, 134236, 0, 0, 95, 7, 2),
	(221, '2019-10-05 14:40:19', 729, 556, 134237, 10000, 9100, 171, 12, 1),
	(222, '2019-10-05 14:41:08', 6885, 379, 134238, 0, 0, 1615, 7, 2),
	(223, '2019-10-05 14:42:49', 243, 575, 134239, 0, 0, 57, 7, 2),
	(224, '2019-10-05 14:46:28', 405, 585, 134240, 0, 0, 95, 7, 2),
	(225, '2019-10-05 14:48:13', 972, 545, 134241, 1200, 0, 228, 12, 1),
	(226, '2019-10-05 14:48:53', 243, 580, 134242, 300, 0, 57, 12, 1),
	(227, '2019-10-05 14:49:39', 486, 570, 134243, 1000, 400, 114, 12, 1),
	(228, '2019-10-05 14:51:46', 810, 568, 134244, 0, 0, 190, 7, 2),
	(229, '2019-10-05 14:55:53', 405, 589, 134245, 0, 0, 95, 7, 2),
	(230, '2019-10-05 14:56:19', 405, 590, 134246, 0, 0, 95, 7, 2),
	(231, '2019-10-05 15:00:16', 810, 578, 134247, 0, 0, 190, 7, 2),
	(232, '2019-10-05 15:02:43', 972, 551, 134248, 1200, 0, 228, 12, 1),
	(233, '2019-10-05 15:03:28', 729, 561, 134249, 1000, 100, 171, 12, 1),
	(234, '2019-10-05 15:08:01', 405, 596, 134250, 0, 0, 95, 7, 2),
	(235, '2019-10-05 15:08:24', 405, 595, 134251, 0, 0, 95, 7, 2),
	(236, '2019-10-05 15:09:11', 1215, 547, 134252, 2000, 500, 285, 12, 1),
	(237, '2019-10-05 15:09:51', 729, 571, 134253, 2000, 1100, 171, 12, 1),
	(238, '2019-10-05 15:10:21', 405, 591, 134254, 0, 0, 95, 7, 2),
	(239, '2019-10-05 15:14:55', 405, 598, 134255, 0, 0, 95, 7, 2),
	(240, '2019-10-05 15:16:33', 972, 559, 134256, 1200, 0, 228, 12, 1),
	(241, '2019-10-05 15:16:51', 405, 599, 134257, 0, 0, 95, 7, 2),
	(242, '2019-10-05 15:17:19', 729, 581, 134258, 1000, 100, 171, 12, 1),
	(243, '2019-10-05 15:18:28', 405, 604, 134259, 0, 0, 95, 7, 2),
	(244, '2019-10-05 15:23:25', 405, 606, 134260, 0, 0, 95, 7, 2),
	(245, '2019-10-05 15:25:41', 405, 608, 134261, 0, 0, 95, 7, 2),
	(246, '2019-10-05 15:27:29', 486, 594, 134262, 600, 0, 114, 12, 1),
	(247, '2019-10-05 15:28:02', 486, 593, 134263, 600, 0, 114, 12, 1),
	(248, '2019-10-05 15:28:20', 405, 607, 134264, 0, 0, 95, 7, 2),
	(249, '2019-10-05 15:35:22', 405, 615, 134265, 0, 0, 95, 7, 2),
	(250, '2019-10-05 15:35:44', 3240, 287, 134266, 5000, 1000, 760, 12, 1),
	(251, '2019-10-05 15:36:35', 3240, 612, 134267, 5000, 1000, 760, 12, 1),
	(252, '2019-10-05 15:38:34', 405, 616, 134268, 0, 0, 95, 7, 2),
	(253, '2019-10-05 15:40:37', 405, 617, 134269, 0, 0, 95, 7, 2),
	(254, '2019-10-05 15:41:07', 405, 618, 134270, 0, 0, 95, 7, 2),
	(255, '2019-10-05 15:44:57', 405, 622, 134271, 0, 0, 95, 7, 2),
	(256, '2019-10-05 15:48:35', 405, 624, 134272, 0, 0, 95, 7, 2),
	(257, '2019-10-05 15:52:49', 405, 626, 134273, 0, 0, 95, 7, 2),
	(258, '2019-10-05 15:56:03', 2025, 588, 134274, 0, 0, 475, 7, 2),
	(259, '2019-10-05 16:01:26', 810, 623, 134275, 2000, 1000, 190, 12, 1),
	(260, '2019-10-05 16:02:55', 405, 627, 134276, 0, 0, 95, 7, 2),
	(261, '2019-10-05 16:10:10', 72900, NULL, 134277, 100000, 10000, 17100, 12, 1),
	(262, '2019-10-05 16:14:33', 84240, NULL, 134278, 110000, 6000, 19760, 12, 1),
	(263, '2019-10-05 16:20:33', 486, 628, 134279, 600, 0, 114, 12, 1),
	(264, '2019-10-05 16:25:36', 405, 634, 134280, 0, 0, 95, 13, 2),
	(265, '2019-10-05 16:28:07', 1215, 601, 134281, 2000, 500, 285, 12, 1),
	(266, '2019-10-05 16:34:24', 405, 638, 134282, 0, 0, 95, 7, 2),
	(267, '2019-10-05 16:34:52', 405, 637, 134283, 0, 0, 95, 7, 2),
	(268, '2019-10-05 16:35:57', 2430, 603, 134284, 5000, 2000, 570, 12, 1),
	(269, '2019-10-05 16:41:54', 1215, 629, 134285, 0, 0, 285, 7, 2),
	(270, '2019-10-05 16:44:23', 405, 641, 134286, 0, 0, 95, 7, 2),
	(271, '2019-10-05 16:44:31', 3240, 544, 134287, 10000, 6000, 760, 12, 1),
	(272, '2019-10-05 16:45:34', 243, 643, 134288, 300, 0, 57, 12, 1),
	(273, '2019-10-05 16:45:42', 405, 649, 134289, 0, 0, 95, 7, 2),
	(274, '2019-10-05 16:48:32', 405, 645, 134290, 500, 0, 95, 12, 1),
	(275, '2019-10-05 16:50:26', 9720, 386, 134291, 12000, 0, 2280, 12, 1),
	(276, '2019-10-05 16:51:33', 486, 636, 134292, 600, 0, 114, 12, 1),
	(277, '2019-10-05 16:52:08', 486, 640, 134293, 2000, 1400, 114, 12, 1),
	(278, '2019-10-05 16:56:48', 243, 647, 134294, 300, 0, 57, 12, 1),
	(279, '2019-10-05 16:59:39', 405, 655, 134295, 0, 0, 95, 7, 2),
	(280, '2019-10-05 17:00:20', 1701, 611, 134296, 2200, 100, 399, 12, 1),
	(281, '2019-10-05 17:01:38', 84240, NULL, 134297, 150000, 46000, 19760, 12, 1),
	(282, '2019-10-05 17:05:40', 243, 652, 134298, 300, 0, 57, 12, 1),
	(283, '2019-10-05 17:15:06', 243, 659, 134299, 300, 0, 57, 12, 1),
	(284, '2019-10-05 17:15:54', 486, 654, 134300, 1000, 400, 114, 12, 1),
	(285, '2019-10-05 17:16:36', 729, 642, 134301, 2000, 1100, 171, 12, 1),
	(286, '2019-10-05 17:17:51', 243, 663, 134302, 300, 0, 57, 12, 1),
	(287, '2019-10-05 17:19:48', 243, 665, 134303, 0, 0, 57, 7, 2),
	(288, '2019-10-05 17:20:23', 4050, NULL, 134304, 5000, 0, 950, 12, 1),
	(289, '2019-10-05 17:33:15', 405, 669, 134305, 0, 0, 95, 7, 2),
	(290, '2019-10-05 17:40:22', 1620, 646, 134306, 2000, 0, 380, 12, 1),
	(291, '2019-10-05 17:49:33', 4050, 610, 134307, 0, 0, 950, 7, 2),
	(292, '2019-10-05 17:57:03', 243, 672, 134308, 300, 0, 57, 12, 1),
	(293, '2019-10-05 18:24:09', 0, 680, 134309, 0, 0, 0, 7, 2),
	(294, '2019-10-05 18:25:06', 405, 679, 134310, 0, 0, 95, 7, 2),
	(295, '2019-10-05 18:28:42', 405, 681, 134311, 0, 0, 95, 7, 2),
	(296, '2019-10-05 18:32:00', 2430, 662, 134312, 0, 0, 570, 7, 2),
	(297, '2019-10-05 18:33:32', 1215, 673, 134313, 5000, 3500, 285, 12, 1),
	(298, '2019-10-05 18:39:04', 486, 678, 134314, 2000, 1400, 114, 12, 1),
	(299, '2019-10-05 18:41:32', 2835, 658, 134315, 0, 0, 665, 7, 2),
	(300, '2019-10-05 18:45:04', 3240, 527, 134316, 4000, 0, 760, 12, 1),
	(301, '2019-10-05 19:03:41', 2430, 650, 134317, 5000, 2000, 570, 12, 1),
	(302, '2019-10-05 19:06:48', 9720, 402, 134318, 12000, 0, 2280, 12, 1),
	(303, '2019-10-06 07:58:29', 9720, 695, 134319, 12000, 0, 2280, 16, 1),
	(304, '2019-10-06 08:40:57', 0, 707, 134320, 0, 0, 0, 13, 2),
	(305, '2019-10-06 09:31:51', 810, 714, 134321, 2000, 1000, 190, 16, 1),
	(306, '2019-10-06 10:10:53', 405, 727, 134322, 500, 0, 95, 16, 1),
	(307, '2019-10-06 10:12:04', 1215, 723, 134323, 2000, 500, 285, 16, 1),
	(308, '2019-10-06 10:12:58', 405, 730, 134324, 0, 0, 95, 13, 2),
	(309, '2019-10-06 10:14:43', 810, 726, 134325, 1000, 0, 190, 16, 1),
	(310, '2019-10-06 10:37:48', 486, 732, 134326, 1000, 400, 114, 16, 1),
	(311, '2019-10-06 10:54:27', 2430, 722, 134327, 3000, 0, 570, 16, 1),
	(312, '2019-10-06 11:05:51', 729, 733, 134328, 2000, 1100, 171, 16, 1),
	(313, '2019-10-06 11:17:50', 810, 740, 134329, 10000, 9000, 190, 16, 1),
	(314, '2019-10-06 11:20:24', 405, 744, 134330, 0, 0, 95, 13, 2),
	(315, '2019-10-06 11:34:54', 2025, 737, 134331, 2500, 0, 475, 16, 1),
	(316, '2019-10-06 11:35:05', 0, 749, 134332, 0, 0, 0, 13, 2),
	(317, '2019-10-06 11:48:14', 0, 753, 134333, 0, 0, 0, 13, 2),
	(318, '2019-10-06 11:51:35', 2430, 735, 134334, 10000, 7000, 570, 16, 1),
	(319, '2019-10-06 11:54:29', 486, 750, 134335, 1000, 400, 114, 16, 1),
	(320, '2019-10-06 11:59:28', 729, 741, 134336, 1000, 100, 171, 16, 1),
	(321, '2019-10-06 12:00:54', 486, 747, 134337, 1000, 400, 114, 16, 1),
	(322, '2019-10-06 12:16:45', 0, 758, 134338, 0, 0, 0, 13, 2),
	(323, '2019-10-06 12:34:45', 810, 756, 134339, 2000, 1000, 190, 16, 1),
	(324, '2019-10-06 12:35:23', 405, 760, 134340, 500, 0, 95, 16, 1),
	(325, '2019-10-06 12:37:26', 0, 763, 134341, 0, 0, 0, 13, 2),
	(326, '2019-10-06 12:38:54', 5265, 721, 134342, 10000, 3500, 1235, 16, 1),
	(327, '2019-10-06 12:39:52', 972, 754, 134343, 2000, 800, 228, 16, 1),
	(328, '2019-10-06 12:50:43', 1215, 759, 134344, 2000, 500, 285, 16, 1),
	(329, '2019-10-06 13:10:35', 1620, 757, 134345, 2000, 0, 380, 16, 1),
	(330, '2019-10-06 13:13:18', 2835, 748, 134346, 5000, 1500, 665, 16, 1),
	(331, '2019-10-06 13:22:38', 5265, 728, 134347, 6500, 0, 1235, 16, 1),
	(332, '2019-10-07 07:14:53', 405, 774, 134348, 0, 0, 95, 7, 2),
	(333, '2019-10-07 07:39:38', 0, 779, 134349, 0, 0, 0, 7, 2),
	(334, '2019-10-07 08:00:10', 243, 789, 134350, 0, 0, 57, 7, 2),
	(335, '2019-10-07 08:32:28', 810, 801, 134351, 2000, 1000, 190, 12, 1),
	(336, '2019-10-07 08:52:49', 9720, 804, 134352, 12000, 0, 2280, 12, 1),
	(337, '2019-10-07 08:53:35', 810, 825, 134353, 0, 0, 190, 7, 2),
	(338, '2019-10-07 09:05:03', 810, 834, 134354, 0, 0, 190, 7, 2),
	(339, '2019-10-07 09:14:15', 405, 848, 134355, 0, 0, 95, 7, 2),
	(340, '2019-10-07 09:17:23', 810, 836, 134356, 1000, 0, 190, 12, 1),
	(341, '2019-10-07 09:18:40', 810, 841, 134357, 0, 0, 190, 7, 2),
	(342, '2019-10-07 09:21:03', 1620, 826, 134358, 0, 0, 380, 7, 2),
	(343, '2019-10-07 09:37:40', 405, 868, 134359, 0, 0, 95, 7, 2),
	(344, '2019-10-07 09:45:44', 405, 876, 134360, 0, 0, 95, 7, 2),
	(345, '2019-10-07 09:49:37', 405, 879, 134361, 0, 0, 95, 7, 2),
	(346, '2019-10-07 10:01:52', 405, 885, 134362, 0, 0, 95, 7, 2),
	(347, '2019-10-07 10:04:28', 0, 890, 134363, 0, 0, 0, 7, 2),
	(348, '2019-10-07 10:22:49', 84240, NULL, 134364, 104000, 0, 19760, 16, 1),
	(349, '2019-10-07 10:34:48', 405, 901, 134365, 0, 0, 95, 7, 2),
	(350, '2019-10-07 10:38:37', 405, 902, 134366, 0, 0, 95, 7, 2),
	(351, '2019-10-07 10:48:52', 405, 906, 134367, 0, 0, 95, 7, 2),
	(352, '2019-10-07 10:49:47', 243, 907, 134368, 0, 0, 57, 7, 2),
	(353, '2019-10-07 10:50:30', 405, 904, 134369, 0, 0, 95, 7, 2),
	(354, '2019-10-07 11:00:49', 405, 910, 134370, 0, 0, 95, 7, 2),
	(355, '2019-10-07 11:01:37', 405, 911, 134371, 0, 0, 95, 7, 2),
	(356, '2019-10-07 11:06:24', 405, 914, 134372, 0, 0, 95, 7, 2),
	(357, '2019-10-07 11:14:23', 405, 915, 134373, 0, 0, 95, 7, 2),
	(358, '2019-10-07 11:17:27', 243, 916, 134374, 0, 0, 57, 7, 2),
	(359, '2019-10-07 11:19:24', 405, 921, 134375, 0, 0, 95, 7, 2),
	(360, '2019-10-07 11:22:28', 405, 923, 134376, 0, 0, 95, 7, 2),
	(361, '2019-10-07 11:24:59', 405, 924, 134377, 0, 0, 95, 7, 2),
	(362, '2019-10-07 11:27:40', 405, 922, 134378, 0, 0, 95, 7, 2),
	(363, '2019-10-07 11:30:01', 972, 903, 134379, 10000, 8800, 228, 12, 1),
	(364, '2019-10-07 11:30:21', 0, 929, 134380, 0, 0, 0, 7, 2),
	(365, '2019-10-07 11:31:16', 405, 928, 134381, 0, 0, 95, 7, 2),
	(366, '2019-10-07 11:33:03', 486, 920, 134382, 0, 0, 114, 7, 2),
	(367, '2019-10-07 11:34:30', 405, 930, 134383, 0, 0, 95, 7, 2),
	(368, '2019-10-07 11:35:12', 405, 927, 134384, 0, 0, 95, 7, 2),
	(369, '2019-10-07 11:35:48', 1944, 871, 134385, 5000, 2600, 456, 12, 1),
	(370, '2019-10-07 11:36:02', 0, 931, 134386, 0, 0, 0, 7, 2),
	(371, '2019-10-07 11:39:42', 405, 933, 134387, 0, 0, 95, 7, 2),
	(372, '2019-10-07 11:41:15', 810, 918, 134388, 0, 0, 190, 7, 2),
	(373, '2019-10-07 11:45:15', 405, 935, 134389, 0, 0, 95, 7, 2),
	(374, '2019-10-07 11:45:49', 486, 926, 134390, 600, 0, 114, 12, 1),
	(375, '2019-10-07 11:53:44', 405, 941, 134391, 0, 0, 95, 7, 2),
	(376, '2019-10-07 12:04:27', 405, 940, 134392, 0, 0, 95, 8, 2),
	(377, '2019-10-07 12:05:01', 405, 945, 134393, 0, 0, 95, 8, 2),
	(378, '2019-10-07 12:10:37', 405, 947, 134394, 0, 0, 95, 8, 2),
	(379, '2019-10-07 12:14:25', 405, 949, 134395, 0, 0, 95, 8, 2),
	(380, '2019-10-07 12:22:15', 405, 953, 134396, 0, 0, 95, 8, 2),
	(381, '2019-10-07 12:22:40', 3402, 846, 134397, 4200, 0, 798, 12, 1),
	(382, '2019-10-07 12:51:23', 486, 955, 134398, 2000, 1400, 114, 12, 1),
	(383, '2019-10-07 12:53:05', 810, 958, 134399, 0, 0, 190, 7, 2),
	(384, '2019-10-07 13:00:46', 810, 960, 134400, 0, 0, 190, 7, 2),
	(385, '2019-10-07 13:04:05', 2025, 942, 134401, 4000, 1500, 475, 12, 1),
	(386, '2019-10-07 13:13:45', 405, 964, 134402, 0, 0, 95, 7, 2),
	(387, '2019-10-07 13:27:27', 405, 969, 134403, 0, 0, 95, 7, 2),
	(388, '2019-10-07 13:35:40', 1215, 956, 134404, 5000, 3500, 285, 12, 1),
	(389, '2019-10-07 13:41:42', 405, 975, 134405, 0, 0, 95, 7, 2),
	(390, '2019-10-07 13:44:57', 405, 978, 134406, 0, 0, 95, 7, 2),
	(391, '2019-10-07 14:02:06', 405, 982, 134407, 0, 0, 95, 7, 2),
	(392, '2019-10-07 14:08:46', 405, 983, 134408, 0, 0, 95, 7, 2),
	(393, '2019-10-07 14:12:17', 405, 987, 134409, 0, 0, 95, 7, 2),
	(394, '2019-10-07 14:29:17', 405, 997, 134410, 0, 0, 95, 7, 2),
	(395, '2019-10-07 14:37:32', 405, 1000, 134411, 0, 0, 95, 7, 2),
	(396, '2019-10-07 14:40:43', 243, 1002, 134412, 300, 0, 57, 12, 1),
	(397, '2019-10-07 14:42:07', 405, 1004, 134413, 0, 0, 95, 7, 2),
	(398, '2019-10-07 14:44:22', 405, 1006, 134414, 0, 0, 95, 7, 2),
	(399, '2019-10-07 14:44:29', 20250, NULL, 134415, 50000, 25000, 4750, 12, 1),
	(400, '2019-10-07 14:48:30', 729, 986, 134416, 2000, 1100, 171, 12, 1),
	(401, '2019-10-07 14:48:57', 405, 1007, 134417, 0, 0, 95, 7, 2),
	(402, '2019-10-07 14:49:35', 405, 1008, 134418, 0, 0, 95, 7, 2),
	(403, '2019-10-07 14:52:10', 243, 1009, 134419, 500, 200, 57, 12, 1),
	(404, '2019-10-07 14:53:10', 405, 1012, 134420, 0, 0, 95, 7, 2),
	(405, '2019-10-07 14:55:38', 405, 1013, 134421, 0, 0, 95, 7, 2),
	(406, '2019-10-07 14:58:06', 405, 1016, 134422, 0, 0, 95, 7, 2),
	(407, '2019-10-07 14:58:38', 405, 1015, 134423, 0, 0, 95, 7, 2),
	(408, '2019-10-07 15:03:58', 405, 1020, 134424, 0, 0, 95, 7, 2),
	(409, '2019-10-07 15:04:20', 405, 1019, 134425, 0, 0, 95, 7, 2),
	(410, '2019-10-07 15:06:13', 243, 1014, 134426, 300, 0, 57, 12, 1),
	(411, '2019-10-07 15:12:23', 405, 1025, 134427, 0, 0, 95, 7, 2),
	(412, '2019-10-07 15:14:48', 486, 1018, 134428, 1000, 400, 114, 12, 1),
	(413, '2019-10-07 15:21:01', 243, 1026, 134429, 400, 100, 57, 12, 1),
	(414, '2019-10-07 15:23:50', 972, 996, 134430, 0, 0, 228, 7, 2),
	(415, '2019-10-07 15:29:13', 405, 1030, 134431, 0, 0, 95, 7, 2),
	(416, '2019-10-07 15:30:23', 3645, 968, 134432, 0, 0, 855, 7, 2),
	(417, '2019-10-07 15:33:25', 405, 1033, 134433, 0, 0, 95, 7, 2),
	(418, '2019-10-07 15:34:09', 486, 1027, 134434, 1000, 400, 114, 12, 1),
	(419, '2019-10-07 15:35:55', 405, 1037, 134435, 0, 0, 95, 7, 2),
	(420, '2019-10-07 15:41:38', 405, 1040, 134436, 0, 0, 95, 7, 2),
	(421, '2019-10-07 15:45:18', 486, 1029, 134437, 600, 0, 114, 12, 1),
	(422, '2019-10-07 15:48:17', 405, 1046, 134438, 0, 0, 95, 7, 2),
	(423, '2019-10-07 15:57:08', 486, 1035, 134439, 600, 0, 114, 12, 1),
	(424, '2019-10-07 15:57:49', 243, 1049, 134440, 500, 200, 57, 12, 1),
	(425, '2019-10-07 16:09:00', 405, 1050, 134441, 0, 0, 95, 7, 2),
	(426, '2019-10-07 16:11:31', 405, 1054, 134442, 0, 0, 95, 7, 2),
	(427, '2019-10-07 16:13:09', 405, 1058, 134443, 0, 0, 95, 7, 2),
	(428, '2019-10-07 16:14:51', 405, 1053, 134444, 0, 0, 95, 7, 2),
	(429, '2019-10-07 16:17:26', 405, 1059, 134445, 0, 0, 95, 7, 2),
	(430, '2019-10-07 16:22:52', 729, 1045, 134446, 900, 0, 171, 12, 1),
	(431, '2019-10-07 16:29:24', 972, 1041, 134447, 2000, 800, 228, 12, 1),
	(432, '2019-10-07 16:29:38', 405, 1065, 134448, 0, 0, 95, 7, 2),
	(433, '2019-10-07 16:32:27', 729, 1048, 134449, 2000, 1100, 171, 12, 1),
	(434, '2019-10-07 16:35:02', 405, 1066, 134450, 0, 0, 95, 7, 2),
	(435, '2019-10-07 16:36:37', 405, 1061, 134451, 0, 0, 95, 7, 2),
	(436, '2019-10-07 16:41:57', 405, 1068, 134452, 0, 0, 95, 7, 2),
	(437, '2019-10-07 16:42:20', 405, 1069, 134453, 0, 0, 95, 7, 2),
	(438, '2019-10-07 16:42:37', 486, 1064, 134454, 600, 0, 114, 12, 1),
	(439, '2019-10-07 16:43:09', 405, 1070, 134455, 0, 0, 95, 7, 2),
	(440, '2019-10-07 16:51:51', 405, 1076, 134456, 0, 0, 95, 7, 2),
	(441, '2019-10-07 16:53:38', 405, 1078, 134457, 0, 0, 95, 7, 2),
	(442, '2019-10-07 16:54:13', 405, 1077, 134458, 0, 0, 95, 7, 2),
	(443, '2019-10-07 17:02:36', 42120, NULL, 134459, 52000, 0, 9880, 12, 1),
	(444, '2019-10-07 17:02:41', 243, 1079, 134460, 0, 0, 57, 7, 2),
	(445, '2019-10-07 17:04:02', 243, 1082, 134461, 300, 0, 57, 12, 1),
	(446, '2019-10-07 17:06:02', 486, 1071, 134462, 600, 0, 114, 12, 1),
	(447, '2019-10-07 17:08:49', 486, 1074, 134463, 600, 0, 114, 12, 1),
	(448, '2019-10-07 17:12:25', 405, 1087, 134464, 0, 0, 95, 7, 2),
	(449, '2019-10-07 17:16:36', 405, 1089, 134465, 0, 0, 95, 7, 2),
	(450, '2019-10-07 17:17:09', 405, 1090, 134466, 0, 0, 95, 7, 2),
	(451, '2019-10-07 17:18:53', 810, 1084, 134467, 0, 0, 190, 7, 2),
	(452, '2019-10-07 17:25:56', 5265, 991, 134468, 0, 0, 1235, 7, 2),
	(453, '2019-10-07 17:27:46', 405, 1095, 134469, 0, 0, 95, 7, 2),
	(454, '2019-10-07 17:31:37', 405, 1102, 134470, 0, 0, 95, 7, 2),
	(455, '2019-10-07 17:35:33', 243, 1096, 134471, 300, 0, 57, 12, 1),
	(456, '2019-10-07 17:39:29', 405, 1106, 134472, 0, 0, 95, 7, 2),
	(457, '2019-10-07 17:45:01', 405, 1110, 134473, 0, 0, 95, 7, 2),
	(458, '2019-10-07 17:51:40', 2025, 1075, 134474, 10000, 7500, 475, 12, 1),
	(459, '2019-10-07 17:53:07', 486, 1105, 134475, 0, 0, 114, 7, 2),
	(460, '2019-10-07 17:54:27', 405, 1115, 134476, 0, 0, 95, 7, 2),
	(461, '2019-10-07 17:56:08', 486, 1107, 134477, 0, 0, 114, 7, 2),
	(462, '2019-10-07 17:59:32', 405, 1119, 134478, 0, 0, 95, 7, 2),
	(463, '2019-10-07 18:05:02', 243, 1118, 134479, 300, 0, 57, 12, 1),
	(464, '2019-10-07 18:05:38', 405, 1122, 134480, 0, 0, 95, 7, 2),
	(465, '2019-10-07 18:10:03', 729, 1099, 134481, 1000, 100, 171, 12, 1),
	(466, '2019-10-07 18:10:51', 405, 1126, 134482, 0, 0, 95, 7, 2),
	(467, '2019-10-07 18:12:14', 972, 1097, 134483, 0, 0, 228, 7, 2),
	(468, '2019-10-07 18:15:15', 405, 1129, 134484, 0, 0, 95, 7, 2),
	(469, '2019-10-07 18:17:05', 486, 1120, 134485, 1000, 400, 114, 12, 1),
	(470, '2019-10-07 18:19:01', 405, 1132, 134486, 0, 0, 95, 7, 2),
	(471, '2019-10-07 18:20:01', 1215, 1112, 134487, 0, 0, 285, 7, 2),
	(472, '2019-10-07 18:21:52', 243, 1128, 134488, 300, 0, 57, 12, 1),
	(473, '2019-10-07 18:28:14', 486, 1123, 134489, 0, 0, 114, 7, 2),
	(474, '2019-10-07 18:28:18', 2430, 1052, 134490, 4000, 1000, 570, 12, 1),
	(475, '2019-10-07 18:28:58', 810, 1121, 134491, 0, 0, 190, 7, 2),
	(476, '2019-10-07 18:34:15', 6885, 995, 134492, 9000, 500, 1615, 12, 1),
	(477, '2019-10-07 18:35:14', 243, 1141, 134493, 400, 100, 57, 12, 1),
	(478, '2019-10-07 18:37:36', 405, 1137, 134494, 0, 0, 95, 7, 2),
	(479, '2019-10-07 18:46:34', 0, 1146, 134495, 0, 0, 0, 7, 2),
	(480, '2019-10-07 18:47:07', 1215, 1131, 134496, 0, 0, 285, 7, 2),
	(481, '2019-10-07 18:47:59', 405, 1147, 134497, 0, 0, 95, 7, 2),
	(482, '2019-10-07 18:48:42', 3240, 856, 134498, 20000, 16000, 760, 12, 1),
	(483, '2019-10-07 18:49:02', 7695, 990, 134499, 0, 0, 1805, 7, 2),
	(484, '2019-10-07 18:50:04', 24300, NULL, 134500, 30000, 0, 5700, 12, 1),
	(485, '2019-10-07 18:50:49', 486, 1143, 134501, 600, 0, 114, 12, 1),
	(486, '2019-10-07 18:53:46', 3240, 832, 134502, 5000, 1000, 760, 12, 1),
	(487, '2019-10-07 18:56:12', 729, 1134, 134503, 0, 0, 171, 7, 2),
	(488, '2019-10-07 18:59:39', 243, 1148, 134504, 1000, 700, 57, 12, 1);
/*!40000 ALTER TABLE `pago` ENABLE KEYS */;

-- Volcando estructura para tabla deparqueo_bd.pagomensual
CREATE TABLE IF NOT EXISTS `pagomensual` (
  `id` int(11) NOT NULL,
  `tarjeta` varchar(50) COLLATE utf8_spanish_ci DEFAULT NULL,
  `valor` decimal(10,0) DEFAULT NULL,
  `fecha` date DEFAULT NULL,
  `fecharegistro` datetime DEFAULT NULL,
  PRIMARY KEY (`id`),
  KEY `IXFK_pagomensual_pago` (`id`),
  KEY `IXFK_pagomensual_tarjeta` (`tarjeta`),
  CONSTRAINT `FK_pagomensual_pago` FOREIGN KEY (`id`) REFERENCES `pago` (`id`),
  CONSTRAINT `FK_pagomensual_tarjeta` FOREIGN KEY (`tarjeta`) REFERENCES `tarjeta` (`rfid`)
) ENGINE=InnoDB DEFAULT CHARSET=utf8 COLLATE=utf8_spanish_ci;

-- Volcando datos para la tabla deparqueo_bd.pagomensual: ~12 rows (aproximadamente)
/*!40000 ALTER TABLE `pagomensual` DISABLE KEYS */;
INSERT INTO `pagomensual` (`id`, `tarjeta`, `valor`, `fecha`, `fecharegistro`) VALUES
	(87, '0009684539', 30000, '2019-10-04', '2019-10-04 23:53:03'),
	(88, '0009684539', 30000, '2019-10-04', '2019-10-04 23:57:18'),
	(102, '0012755129', 104000, '2019-10-05', '2019-10-05 09:15:57'),
	(121, '0013235778', 104000, '2019-10-05', '2019-10-05 10:10:02'),
	(211, '0000784446', 90000, '2019-10-05', '2019-10-05 14:08:47'),
	(261, '0013072428', 90000, '2019-10-05', '2019-10-05 16:10:10'),
	(262, '0000726873', 104000, '2019-10-05', '2019-10-05 16:14:33'),
	(281, '0007177355', 104000, '2019-10-05', '2019-10-05 17:01:39'),
	(348, '0012949222', 104000, '2019-10-07', '2019-10-07 10:22:49'),
	(399, '0015034728', 25000, '2019-10-07', '2019-10-07 14:44:29'),
	(443, '0000746000', 52000, '2019-10-07', '2019-10-07 17:02:36'),
	(484, '0000700472', 30000, '2019-10-07', '2019-10-07 18:50:04');
/*!40000 ALTER TABLE `pagomensual` ENABLE KEYS */;

-- Volcando estructura para tabla deparqueo_bd.pagosancion
CREATE TABLE IF NOT EXISTS `pagosancion` (
  `id` int(11) NOT NULL,
  `documento` varchar(20) COLLATE utf8_spanish_ci DEFAULT NULL,
  `fecha` datetime DEFAULT NULL,
  `tiposancion` int(11) DEFAULT NULL,
  PRIMARY KEY (`id`),
  KEY `IXFK_pagosancion_pago` (`id`),
  KEY `IXFK_pagosancion_tiposancion` (`tiposancion`),
  CONSTRAINT `FK_pagosancion_pago` FOREIGN KEY (`id`) REFERENCES `pago` (`id`)
) ENGINE=InnoDB DEFAULT CHARSET=utf8 COLLATE=utf8_spanish_ci;

-- Volcando datos para la tabla deparqueo_bd.pagosancion: ~2 rows (aproximadamente)
/*!40000 ALTER TABLE `pagosancion` DISABLE KEYS */;
INSERT INTO `pagosancion` (`id`, `documento`, `fecha`, `tiposancion`) VALUES
	(89, '1091661138', '2019-10-04 23:57:49', 1),
	(288, '88212700', '2019-10-05 17:20:23', 1);
/*!40000 ALTER TABLE `pagosancion` ENABLE KEYS */;

-- Volcando estructura para tabla deparqueo_bd.pagoservicio
CREATE TABLE IF NOT EXISTS `pagoservicio` (
  `id` int(11) NOT NULL,
  `ingreso` int(11) DEFAULT NULL,
  PRIMARY KEY (`id`),
  KEY `IXFK_pagoservicio_ingresonormal` (`ingreso`),
  KEY `IXFK_pagoservicio_pago` (`id`),
  CONSTRAINT `FK_pagoservicio_ingresonormal` FOREIGN KEY (`ingreso`) REFERENCES `ingresonormal` (`id`),
  CONSTRAINT `FK_pagoservicio_pago` FOREIGN KEY (`id`) REFERENCES `pago` (`id`)
) ENGINE=InnoDB DEFAULT CHARSET=utf8 COLLATE=utf8_spanish_ci;

-- Volcando datos para la tabla deparqueo_bd.pagoservicio: ~471 rows (aproximadamente)
/*!40000 ALTER TABLE `pagoservicio` DISABLE KEYS */;
INSERT INTO `pagoservicio` (`id`, `ingreso`) VALUES
	(2, 2),
	(3, 11),
	(4, 11),
	(5, 11),
	(6, 12),
	(8, 14),
	(9, 15),
	(10, 28),
	(11, 37),
	(12, 38),
	(13, 39),
	(14, 58),
	(15, 66),
	(16, 68),
	(17, 69),
	(20, 74),
	(19, 75),
	(22, 86),
	(21, 87),
	(23, 88),
	(25, 94),
	(24, 95),
	(26, 98),
	(27, 103),
	(28, 105),
	(29, 107),
	(47, 117),
	(31, 126),
	(30, 128),
	(32, 130),
	(33, 131),
	(34, 132),
	(35, 132),
	(36, 132),
	(37, 132),
	(38, 132),
	(39, 132),
	(40, 132),
	(41, 132),
	(42, 132),
	(43, 132),
	(44, 133),
	(45, 140),
	(46, 142),
	(48, 143),
	(49, 144),
	(51, 152),
	(50, 153),
	(52, 154),
	(53, 162),
	(54, 164),
	(56, 165),
	(55, 166),
	(58, 169),
	(57, 170),
	(59, 173),
	(60, 174),
	(61, 175),
	(62, 180),
	(63, 186),
	(66, 187),
	(65, 188),
	(64, 189),
	(67, 190),
	(71, 197),
	(70, 198),
	(68, 200),
	(69, 201),
	(74, 203),
	(73, 204),
	(72, 205),
	(75, 210),
	(77, 211),
	(76, 212),
	(78, 213),
	(79, 215),
	(80, 216),
	(83, 218),
	(82, 219),
	(81, 220),
	(84, 223),
	(85, 224),
	(86, 226),
	(90, 236),
	(91, 240),
	(92, 255),
	(96, 261),
	(93, 262),
	(95, 270),
	(108, 277),
	(94, 278),
	(97, 280),
	(250, 287),
	(98, 291),
	(100, 297),
	(104, 300),
	(99, 301),
	(103, 302),
	(111, 305),
	(106, 310),
	(114, 311),
	(112, 312),
	(101, 313),
	(110, 317),
	(105, 320),
	(124, 322),
	(107, 331),
	(109, 332),
	(113, 342),
	(138, 345),
	(127, 346),
	(119, 348),
	(116, 349),
	(115, 351),
	(118, 353),
	(117, 356),
	(135, 358),
	(120, 362),
	(178, 363),
	(122, 364),
	(130, 367),
	(123, 368),
	(134, 371),
	(125, 375),
	(128, 376),
	(131, 378),
	(222, 379),
	(126, 381),
	(129, 385),
	(275, 386),
	(132, 392),
	(136, 393),
	(174, 394),
	(133, 395),
	(140, 398),
	(139, 399),
	(137, 400),
	(302, 402),
	(176, 403),
	(143, 407),
	(142, 408),
	(141, 409),
	(145, 411),
	(146, 416),
	(147, 418),
	(144, 419),
	(148, 420),
	(151, 423),
	(149, 426),
	(150, 428),
	(179, 431),
	(157, 433),
	(158, 434),
	(156, 435),
	(166, 438),
	(155, 439),
	(152, 440),
	(154, 441),
	(153, 442),
	(167, 447),
	(170, 448),
	(159, 449),
	(163, 451),
	(160, 453),
	(161, 455),
	(162, 457),
	(169, 459),
	(164, 460),
	(165, 461),
	(175, 462),
	(173, 463),
	(184, 464),
	(168, 465),
	(199, 467),
	(183, 468),
	(171, 470),
	(185, 473),
	(172, 475),
	(188, 477),
	(181, 482),
	(180, 483),
	(177, 484),
	(187, 485),
	(182, 486),
	(206, 488),
	(186, 497),
	(192, 498),
	(195, 502),
	(190, 505),
	(189, 506),
	(191, 508),
	(193, 510),
	(196, 513),
	(194, 514),
	(205, 515),
	(197, 518),
	(198, 523),
	(203, 526),
	(300, 527),
	(200, 528),
	(208, 530),
	(201, 531),
	(202, 532),
	(204, 533),
	(215, 535),
	(207, 538),
	(209, 541),
	(271, 544),
	(225, 545),
	(236, 547),
	(232, 551),
	(210, 554),
	(221, 556),
	(212, 558),
	(240, 559),
	(233, 561),
	(213, 564),
	(214, 565),
	(228, 568),
	(227, 570),
	(237, 571),
	(217, 572),
	(218, 573),
	(216, 574),
	(223, 575),
	(220, 576),
	(219, 577),
	(231, 578),
	(226, 580),
	(242, 581),
	(224, 585),
	(258, 588),
	(229, 589),
	(230, 590),
	(238, 591),
	(247, 593),
	(246, 594),
	(235, 595),
	(234, 596),
	(239, 598),
	(241, 599),
	(265, 601),
	(268, 603),
	(243, 604),
	(244, 606),
	(248, 607),
	(245, 608),
	(291, 610),
	(280, 611),
	(251, 612),
	(249, 615),
	(252, 616),
	(253, 617),
	(254, 618),
	(255, 622),
	(259, 623),
	(256, 624),
	(257, 626),
	(260, 627),
	(263, 628),
	(269, 629),
	(264, 634),
	(276, 636),
	(267, 637),
	(266, 638),
	(277, 640),
	(270, 641),
	(285, 642),
	(272, 643),
	(274, 645),
	(290, 646),
	(278, 647),
	(273, 649),
	(301, 650),
	(282, 652),
	(284, 654),
	(279, 655),
	(299, 658),
	(283, 659),
	(296, 662),
	(286, 663),
	(287, 665),
	(289, 669),
	(292, 672),
	(297, 673),
	(298, 678),
	(294, 679),
	(293, 680),
	(295, 681),
	(303, 695),
	(304, 707),
	(305, 714),
	(326, 721),
	(311, 722),
	(307, 723),
	(309, 726),
	(306, 727),
	(331, 728),
	(308, 730),
	(310, 732),
	(312, 733),
	(318, 735),
	(315, 737),
	(313, 740),
	(320, 741),
	(314, 744),
	(321, 747),
	(330, 748),
	(316, 749),
	(319, 750),
	(317, 753),
	(327, 754),
	(323, 756),
	(329, 757),
	(322, 758),
	(328, 759),
	(324, 760),
	(325, 763),
	(332, 774),
	(333, 779),
	(334, 789),
	(335, 801),
	(336, 804),
	(337, 825),
	(342, 826),
	(486, 832),
	(338, 834),
	(340, 836),
	(341, 841),
	(381, 846),
	(339, 848),
	(482, 856),
	(343, 868),
	(369, 871),
	(344, 876),
	(345, 879),
	(346, 885),
	(347, 890),
	(349, 901),
	(350, 902),
	(363, 903),
	(353, 904),
	(351, 906),
	(352, 907),
	(354, 910),
	(355, 911),
	(356, 914),
	(357, 915),
	(358, 916),
	(372, 918),
	(366, 920),
	(359, 921),
	(362, 922),
	(360, 923),
	(361, 924),
	(374, 926),
	(368, 927),
	(365, 928),
	(364, 929),
	(367, 930),
	(370, 931),
	(371, 933),
	(373, 935),
	(376, 940),
	(375, 941),
	(385, 942),
	(377, 945),
	(378, 947),
	(379, 949),
	(380, 953),
	(382, 955),
	(388, 956),
	(383, 958),
	(384, 960),
	(386, 964),
	(416, 968),
	(387, 969),
	(389, 975),
	(390, 978),
	(391, 982),
	(392, 983),
	(400, 986),
	(393, 987),
	(483, 990),
	(452, 991),
	(476, 995),
	(414, 996),
	(394, 997),
	(395, 1000),
	(396, 1002),
	(397, 1004),
	(398, 1006),
	(401, 1007),
	(402, 1008),
	(403, 1009),
	(404, 1012),
	(405, 1013),
	(410, 1014),
	(407, 1015),
	(406, 1016),
	(412, 1018),
	(409, 1019),
	(408, 1020),
	(411, 1025),
	(413, 1026),
	(418, 1027),
	(421, 1029),
	(415, 1030),
	(417, 1033),
	(423, 1035),
	(419, 1037),
	(420, 1040),
	(431, 1041),
	(430, 1045),
	(422, 1046),
	(433, 1048),
	(424, 1049),
	(425, 1050),
	(474, 1052),
	(428, 1053),
	(426, 1054),
	(427, 1058),
	(429, 1059),
	(435, 1061),
	(438, 1064),
	(432, 1065),
	(434, 1066),
	(436, 1068),
	(437, 1069),
	(439, 1070),
	(446, 1071),
	(447, 1074),
	(458, 1075),
	(440, 1076),
	(442, 1077),
	(441, 1078),
	(444, 1079),
	(445, 1082),
	(451, 1084),
	(448, 1087),
	(449, 1089),
	(450, 1090),
	(453, 1095),
	(455, 1096),
	(467, 1097),
	(465, 1099),
	(454, 1102),
	(459, 1105),
	(456, 1106),
	(461, 1107),
	(457, 1110),
	(471, 1112),
	(460, 1115),
	(463, 1118),
	(462, 1119),
	(469, 1120),
	(475, 1121),
	(464, 1122),
	(473, 1123),
	(466, 1126),
	(472, 1128),
	(468, 1129),
	(480, 1131),
	(470, 1132),
	(487, 1134),
	(478, 1137),
	(477, 1141),
	(485, 1143),
	(479, 1146),
	(481, 1147),
	(488, 1148);
/*!40000 ALTER TABLE `pagoservicio` ENABLE KEYS */;

-- Volcando estructura para tabla deparqueo_bd.rol
CREATE TABLE IF NOT EXISTS `rol` (
  `id` int(11) NOT NULL AUTO_INCREMENT,
  `descripcion` varchar(100) COLLATE utf8_spanish_ci DEFAULT NULL,
  PRIMARY KEY (`id`)
) ENGINE=InnoDB AUTO_INCREMENT=5 DEFAULT CHARSET=utf8 COLLATE=utf8_spanish_ci;

-- Volcando datos para la tabla deparqueo_bd.rol: ~4 rows (aproximadamente)
/*!40000 ALTER TABLE `rol` DISABLE KEYS */;
INSERT INTO `rol` (`id`, `descripcion`) VALUES
	(1, 'ADMINISTRADOR'),
	(2, 'AUXILIAR'),
	(3, 'CAJERO'),
	(4, 'PORTERO');
/*!40000 ALTER TABLE `rol` ENABLE KEYS */;

-- Volcando estructura para tabla deparqueo_bd.tarifa
CREATE TABLE IF NOT EXISTS `tarifa` (
  `id` int(11) NOT NULL AUTO_INCREMENT,
  `descripcion` varchar(100) COLLATE utf8_spanish_ci DEFAULT NULL,
  `fechainicio` date DEFAULT NULL,
  `fechafin` date DEFAULT NULL,
  `valor` decimal(9,0) DEFAULT NULL,
  `tipovehiculo` int(11) DEFAULT NULL,
  `tipotarifa` int(11) DEFAULT NULL,
  PRIMARY KEY (`id`),
  KEY `IXFK_tarifa_tipotarifa` (`tipotarifa`),
  KEY `IXFK_tarifa_tipovehiculo` (`tipovehiculo`),
  CONSTRAINT `FK_tarifa_tipotarifa` FOREIGN KEY (`tipotarifa`) REFERENCES `tipotarifa` (`id`),
  CONSTRAINT `FK_tarifa_tipovehiculo` FOREIGN KEY (`tipovehiculo`) REFERENCES `tipovehiculo` (`id`)
) ENGINE=InnoDB AUTO_INCREMENT=25 DEFAULT CHARSET=utf8 COLLATE=utf8_spanish_ci COMMENT='Almacena la informaci?n de las tarifas por el uso del servicio de parqueader de los distintos tipos de vehiculo';

-- Volcando datos para la tabla deparqueo_bd.tarifa: ~18 rows (aproximadamente)
/*!40000 ALTER TABLE `tarifa` DISABLE KEYS */;
INSERT INTO `tarifa` (`id`, `descripcion`, `fechainicio`, `fechafin`, `valor`, `tipovehiculo`, `tipotarifa`) VALUES
	(1, 'CARRO HORA', '2019-01-01', '2019-12-31', 2000, 1, 1),
	(2, 'CARRO FRACCION', '2019-01-01', '2019-12-31', 500, 1, 2),
	(3, 'CARRO MENSUALIDAD PROPIETARIO', '2019-01-01', '2019-12-31', 90000, 1, 3),
	(4, 'MOTO FRACCION', '2019-08-01', '2019-12-31', 300, 2, 2),
	(5, 'MOTO HORA', '2019-08-01', '2019-12-31', 1200, 2, 1),
	(6, 'MOTO MENSUALIDAD PROPIETARIO', '2019-08-01', '2019-12-31', 25000, 2, 3),
	(7, 'BICICLETA FRACCION', '2019-10-01', '2019-12-31', 300, 3, 2),
	(8, 'BICICLETA HORA', '2019-08-01', '2019-12-31', 1000, 3, 1),
	(9, 'BICICLETA MENSUAL', '2019-08-01', '2019-12-31', 12000, 3, 3),
	(10, 'MOTO MENSUAL EXTERNO', '2019-09-01', '2019-12-31', 30000, 2, 5),
	(11, 'CARRO MENSUALIDAD PARTICULAR', '2019-09-01', '2019-12-31', 104000, 1, 5),
	(12, 'PERDIDA TICKET', '2019-09-01', '2019-12-31', 5000, 1, 4),
	(13, 'PERDIDA TARJETA', '2019-09-01', '2019-12-31', 15000, 1, 4),
	(14, 'Mensualidad casco propietarios', '2019-10-01', '2019-12-31', 10000, 2, 3),
	(15, 'Mensualidad casco particular', '2019-10-01', '2019-12-31', 20000, 2, 5),
	(22, 'CARRO DIA', '2019-10-01', '2019-12-31', 12000, 1, 6),
	(23, 'MOTO DIA', '2019-10-01', '2019-12-31', 4000, 2, 6),
	(24, 'CARRO MENSUALIDAD DEPRISA MENSAJERIA', '2019-09-01', '2019-12-31', 52000, 1, 12);
/*!40000 ALTER TABLE `tarifa` ENABLE KEYS */;

-- Volcando estructura para tabla deparqueo_bd.tarjeta
CREATE TABLE IF NOT EXISTS `tarjeta` (
  `rfid` varchar(50) COLLATE utf8_spanish_ci NOT NULL,
  `estado` int(11) DEFAULT NULL,
  `fechainicio` date DEFAULT NULL,
  `fechafin` date DEFAULT NULL,
  `usuarioactivo` int(11) DEFAULT NULL,
  `cliente` int(11) DEFAULT NULL,
  `tipovehiculo` int(11) DEFAULT NULL,
  PRIMARY KEY (`rfid`),
  KEY `IXFK_tarjeta_cliente` (`cliente`),
  KEY `IXFK_tarjeta_tipovehiculo` (`tipovehiculo`),
  KEY `IXFK_tarjeta_usuario` (`usuarioactivo`),
  CONSTRAINT `FK_tarjeta_cliente` FOREIGN KEY (`cliente`) REFERENCES `cliente` (`id`),
  CONSTRAINT `FK_tarjeta_tipovehiculo` FOREIGN KEY (`tipovehiculo`) REFERENCES `tipovehiculo` (`id`),
  CONSTRAINT `FK_tarjeta_usuario` FOREIGN KEY (`usuarioactivo`) REFERENCES `usuario` (`id`)
) ENGINE=InnoDB DEFAULT CHARSET=utf8 COLLATE=utf8_spanish_ci;

-- Volcando datos para la tabla deparqueo_bd.tarjeta: ~285 rows (aproximadamente)
/*!40000 ALTER TABLE `tarjeta` DISABLE KEYS */;
INSERT INTO `tarjeta` (`rfid`, `estado`, `fechainicio`, `fechafin`, `usuarioactivo`, `cliente`, `tipovehiculo`) VALUES
	('0000699328', 1, '2019-10-25', '2019-11-25', 15, 238, 1),
	('0000699335', 1, '2019-10-01', '2019-10-31', 15, 278, 1),
	('0000699523', 1, '2019-10-01', '2019-10-31', 15, 190, 1),
	('0000699544', 1, '2019-09-12', '2019-10-12', 15, 30, 2),
	('0000699548', 1, '2019-10-01', '2019-10-31', 15, 119, 1),
	('0000699555', 1, '2019-10-01', '2019-10-31', 15, 95, 2),
	('0000699572', 1, '2019-09-26', '2019-10-26', 15, 82, 2),
	('0000699586', 1, '2019-09-10', '2019-10-10', 15, 46, 2),
	('0000699593', 1, '2019-09-10', '2019-10-10', 15, 14, 2),
	('0000700396', 1, '2019-09-25', '2019-10-25', 9, 229, 1),
	('0000700410', 1, '2019-10-01', '2019-10-31', 9, 194, 1),
	('0000700450', 1, '2019-10-01', '2019-10-31', 9, 178, 1),
	('0000700472', 1, '2019-10-01', '2019-12-01', 9, 37, 2),
	('0000700496', 1, '2019-10-04', '2019-11-04', 15, 34, 2),
	('0000700510', 1, '2019-10-03', '2019-11-04', 15, 35, 2),
	('0000700790', 1, '2019-10-01', '2019-10-31', 15, 135, 1),
	('0000700791', 1, '2019-10-01', '2019-10-31', 15, 253, 1),
	('0000700836', 1, '2019-10-01', '2019-10-31', 9, 213, 1),
	('0000700913', 1, '2019-09-09', '2019-10-09', 9, 121, 1),
	('0000725554', 1, '2019-10-01', '2019-10-31', 9, 268, 1),
	('0000725577', 1, '2019-10-01', '2019-10-31', 15, 93, 2),
	('0000725595', 1, '2019-10-01', '2019-10-31', 15, 47, 1),
	('0000725631', 1, '2019-10-01', '2019-10-31', 15, 112, 1),
	('0000725656', 1, '2019-10-01', '2019-10-31', 15, 56, 2),
	('0000725660', 1, '2019-10-01', '2019-10-31', 9, 113, 1),
	('0000726684', 1, '2019-10-01', '2019-10-31', 9, 142, 1),
	('0000726873', 1, '2019-10-01', '2019-11-01', 15, 158, 1),
	('0000726905', 1, '2019-10-01', '2019-10-31', 9, 125, 1),
	('0000726928', 1, '2019-10-01', '2019-10-31', 15, 133, 1),
	('0000734553', 1, '2019-10-01', '2019-10-31', 9, 254, 1),
	('0000734576', 1, '2019-10-01', '2019-10-31', 9, 173, 1),
	('0000734597', 1, '2019-10-01', '2019-10-31', 9, 267, 2),
	('0000734601', 1, '2019-09-13', '2019-10-13', 15, 199, 1),
	('0000745774', 1, '2019-10-01', '2019-10-31', 9, 195, 1),
	('0000745780', 1, '2019-10-01', '2019-10-31', 15, 275, 1),
	('0000745805', 1, '2019-10-02', '2019-11-01', 15, 22, 2),
	('0000745952', 1, '2019-10-01', '2019-10-31', 9, 138, 1),
	('0000745970', 1, '2019-10-01', '2019-10-31', 9, 160, 1),
	('0000746000', 1, '2019-10-01', '2019-12-01', 2, 109, 1),
	('0000746241', 1, '2019-10-01', '2019-10-31', 9, 248, 1),
	('0000746270', 1, '2019-10-01', '2019-10-31', 9, 266, 1),
	('0000746271', 1, '2019-09-12', '2019-10-12', 15, 52, 2),
	('0000746291', 1, '2019-10-01', '2019-10-31', 15, 183, 1),
	('0000746310', 1, '2019-10-01', '2019-10-31', 9, 51, 2),
	('0000746330', 1, '2019-09-09', '2019-10-09', 9, 41, 2),
	('0000746349', 1, '2019-10-01', '2019-10-31', 15, 249, 1),
	('0000746349+', 1, '2019-10-01', '2019-10-31', 9, 249, 1),
	('0000783990', 1, '2019-10-01', '2019-10-31', 15, 209, 1),
	('0000783992', 1, '2019-09-27', '2019-10-27', 9, 242, 1),
	('0000783998', 1, '2019-09-23', '2019-10-23', 15, 224, 1),
	('0000784004', 1, '2019-10-01', '2019-10-31', 9, 120, 1),
	('0000784054', 1, '2019-10-01', '2019-10-31', 15, 118, 1),
	('0000784247', 1, '2019-10-01', '2019-10-31', 15, 146, 1),
	('0000784375', 1, '2019-10-01', '2019-10-31', 15, 286, 2),
	('0000784394', 1, '2019-10-01', '2019-10-31', 9, 240, 1),
	('0000784415', 1, '2019-10-01', '2019-10-31', 9, 216, 1),
	('0000784420', 1, '2019-10-01', '2019-10-31', 15, 214, 1),
	('0000784429', 1, '2019-10-01', '2019-10-31', 9, 117, 1),
	('0000784446', 1, '2019-10-05', '2019-11-05', 15, 108, 1),
	('0000784632', 1, '2019-10-01', '2019-10-30', 9, 265, 1),
	('0000784633', 1, '2019-09-16', '2019-10-16', 9, 32, 2),
	('0000784643', 1, '2019-10-01', '2019-10-31', 9, 252, 1),
	('0000784656', 1, '2019-10-01', '2019-10-31', 15, 123, 1),
	('0000910251', 1, '2019-10-01', '2019-10-31', 15, 68, 2),
	('0000912319', 1, '2019-10-01', '2019-10-31', 9, 246, 1),
	('0001953189', 1, '2019-10-01', '2019-10-31', 15, 245, 1),
	('0001956035', 1, '2019-10-01', '2018-10-31', 9, 204, 1),
	('0002144343', 1, '2019-10-01', '2019-10-31', 15, 104, 1),
	('0002164145', 1, '2019-10-01', '2019-10-31', 15, 36, 2),
	('0002165163', 1, '2019-09-26', '2019-10-26', 10, 234, 1),
	('0002165285', 1, '2019-09-12', '2019-10-11', 15, 187, 1),
	('0002165290', 1, '2019-09-18', '2019-10-18', 9, 65, 2),
	('0002170485', 1, '2019-10-01', '2019-10-31', 9, 150, 1),
	('0002170504', 1, '2019-10-01', '2019-10-31', 15, 148, 1),
	('0002170508', 1, '2019-10-01', '2019-10-31', 9, 152, 1),
	('0002206788', 1, '2019-10-01', '2019-10-31', 15, 186, 1),
	('0002268170', 1, '2019-10-01', '2019-10-31', 15, 57, 2),
	('0002268535', 1, '2019-10-01', '2019-10-31', 9, 177, 1),
	('0002913767', 1, '2019-10-01', '2019-10-31', 9, 99, 1),
	('0002998462', 1, '2019-10-01', '2019-10-31', 15, 19, 2),
	('0003090946', 1, '2019-10-01', '2019-10-31', 9, 18, 2),
	('0003091191', 1, '2019-10-01', '2019-10-31', 9, 60, 2),
	('0003091225', 1, '2019-10-01', '2019-10-31', 9, 210, 1),
	('0003193560', 1, '2019-09-10', '2019-10-10', 9, 188, 1),
	('0003195775', 1, '2019-10-01', '2019-10-31', 9, 87, 2),
	('0004219332', 1, '2019-09-21', '2019-10-21', 15, 20, 2),
	('0004219704', 1, '2019-10-01', '2019-10-31', 9, 62, 2),
	('0004288353', 1, '2019-09-20', '2019-10-20', 15, 70, 2),
	('0004640317', 1, '2019-10-01', '2019-10-31', 15, 11, 1),
	('0004640370', 1, '2019-09-01', '2019-10-31', 15, 110, 1),
	('0004641130', 1, '2019-10-01', '2019-10-31', 15, 281, 2),
	('0004651711', 1, '2019-10-01', '2019-10-31', 9, 204, 1),
	('0004651721', 1, '2019-09-13', '2019-10-13', 15, 54, 2),
	('0004651744', 1, '2019-10-01', '2019-10-31', 9, 131, 1),
	('0004651745', 1, '2019-09-05', '2019-10-05', 15, 55, 2),
	('0004651752', 1, '2019-10-04', '2019-10-31', 9, 274, 1),
	('0004669925', 1, '2019-10-01', '2019-10-31', 15, 73, 2),
	('0004678129', 1, '2019-10-01', '2019-10-31', 9, 144, 1),
	('0004682345', 1, '2019-10-01', '2019-10-31', 9, 129, 1),
	('0004691750', 1, '2019-10-01', '2019-10-31', 15, 215, 1),
	('0004691771', 1, '2019-10-01', '2019-10-31', 9, 217, 1),
	('0004712299', 1, '2019-10-01', '2019-10-31', 9, 145, 1),
	('0004915341', 1, '2019-10-01', '2019-10-31', 9, 71, 2),
	('0004922278', 1, '2019-10-01', '2019-10-31', 15, 96, 1),
	('0004940495', 1, '2019-10-01', '2019-10-31', 9, 28, 2),
	('0005059526', 1, '2019-09-29', '2019-10-28', 15, 247, 1),
	('0005216631', 1, '2019-10-01', '2019-10-31', 9, 271, 2),
	('0005239930', 1, '2019-10-01', '2019-10-31', 15, 282, 2),
	('0005242797', 1, '2019-10-03', '2019-11-02', 10, 102, 1),
	('0005253242', 1, '2019-09-14', '2019-10-14', 9, 207, 1),
	('0005253726', 1, '2019-10-01', '2019-10-31', 9, 219, 1),
	('0005281570', 1, '2019-10-01', '2019-10-31', 15, 155, 1),
	('0005394537', 1, '2019-10-01', '2019-10-31', 9, 116, 1),
	('0005394541', 1, '2019-10-01', '2019-10-31', 15, 149, 1),
	('0005394560', 1, '2019-10-01', '2019-10-31', 9, 20, 1),
	('0005394564', 1, '2019-09-28', '2019-10-28', 15, 21, 1),
	('0007177355', 1, '2019-09-10', '2019-11-10', 15, 230, 1),
	('0007270606', 1, '2019-10-01', '2019-10-31', 9, 139, 1),
	('0007270636', 1, '2019-10-01', '2019-10-31', 9, 126, 1),
	('0007839017', 1, '2019-10-01', '2019-10-31', 15, 165, 1),
	('0009684539', 1, '2019-01-01', '2019-12-31', 2, 276, 1),
	('0009695439', 1, '2019-10-01', '2019-10-31', 9, 269, 1),
	('0009697654', 1, '2019-10-01', '2019-10-31', 15, 283, 1),
	('0009711251', 1, '2019-10-01', '2019-10-31', 9, 75, 2),
	('0009719762', 1, '2019-01-01', '2019-12-31', 2, 97, 1),
	('0010373647', 1, '2019-10-01', '2019-10-31', 9, 132, 1),
	('0010373654', 1, '2019-01-01', '2019-12-31', 15, 277, 1),
	('0012755129', 1, '2019-10-07', '2019-11-08', 15, 169, 1),
	('0012949191', 1, '2019-10-01', '2019-10-31', 9, 175, 1),
	('0012949211', 1, '2019-10-01', '2019-10-31', 9, 174, 1),
	('0012949222', 1, '2019-10-01', '2019-12-01', 15, 167, 1),
	('0012949294', 1, '2019-10-01', '2019-10-31', 9, 203, 1),
	('0013017890', 1, '2019-09-05', '2019-10-05', 15, 106, 1),
	('0013028141', 1, '2019-10-01', '2019-10-31', 9, 130, 1),
	('0013028234', 1, '2019-10-17', '2019-11-17', 9, 134, 1),
	('0013046064', 1, '2019-10-01', '2019-10-31', 9, 147, 1),
	('0013072257', 1, '2019-10-01', '2019-10-31', 9, 124, 1),
	('0013072428', 1, '2019-10-04', '2019-11-04', 15, 105, 1),
	('0013235657', 1, '2019-10-01', '2019-10-31', 9, 127, 1),
	('0013235778', 1, '2019-10-06', '2019-11-07', 15, 166, 1),
	('0013236720', 1, '2019-10-01', '2019-10-31', 9, 226, 1),
	('0013248154', 1, '2019-10-01', '2019-10-31', 9, 157, 1),
	('0013248420', 1, '2019-10-01', '2019-10-31', 9, 184, 1),
	('0013248698', 1, '2019-10-01', '2019-10-31', 15, 197, 1),
	('0013248711', 1, '2019-10-01', '2019-10-31', 9, 212, 1),
	('0013248713', 1, '2019-10-01', '2019-10-31', 9, 221, 1),
	('0014980080', 1, '2019-09-02', '2019-10-02', 9, 107, 1),
	('0014980090', 1, '2019-10-01', '2019-10-31', 15, 284, 2),
	('0014980246', 1, '2019-10-01', '2019-10-31', 9, 172, 1),
	('0014980277', 1, '2019-10-01', '2019-10-31', 9, 84, 2),
	('0014999853', 1, '2019-10-01', '2019-10-31', 9, 201, 1),
	('0014999874', 1, '2019-10-01', '2019-10-31', 9, 114, 1),
	('0015002545', 1, '2019-09-10', '2019-10-10', 15, 185, 1),
	('0015002548', 1, '2019-09-09', '2019-10-09', 9, 112, 1),
	('0015002666', 1, '2019-10-01', '2019-10-31', 15, 192, 1),
	('0015002687', 1, '2019-10-01', '2019-10-31', 9, 141, 1),
	('0015002701', 1, '2019-10-01', '2019-10-31', 15, 202, 1),
	('0015018441', 1, '2019-10-01', '2019-10-31', 9, 67, 2),
	('0015018444', 1, '2019-09-22', '2019-10-21', 15, 74, 1),
	('0015018506', 1, '2019-10-01', '2019-10-31', 9, 110, 1),
	('0015018508', 1, '2019-10-01', '2019-10-31', 9, 23, 2),
	('0015019497', 1, '2019-10-01', '2019-10-31', 15, 280, 1),
	('0015019500', 1, '2019-10-01', '2019-10-31', 9, 42, 1),
	('0015029375', 1, '2019-10-01', '2019-10-31', 9, 250, 1),
	('0015029428', 1, '2019-10-01', '2019-10-31', 9, 25, 1),
	('0015029429', 1, '2019-10-01', '2019-10-31', 15, 92, 2),
	('0015033994', 1, '2019-09-04', '2019-10-04', 9, 40, 2),
	('0015034726', 1, '2019-10-01', '2019-10-31', 15, 63, 2),
	('0015034728', 1, '2019-10-01', '2019-12-01', 9, 12, 2),
	('0015034761', 1, '2019-10-01', '2019-10-31', 15, 228, 1),
	('0015034772', 1, '2019-10-01', '2019-10-31', 15, 103, 1),
	('0015083744', 1, '2019-10-01', '2019-10-31', 9, 61, 2),
	('0015083749', 1, '2019-10-01', '2019-10-31', 9, 233, 1),
	('0015087399', 1, '2019-10-01', '2019-10-31', 9, 270, 2),
	('0015087463', 1, '2019-10-01', '2019-10-31', 9, 140, 1),
	('0015087486', 1, '2019-10-01', '2019-10-31', 9, 171, 1),
	('0015087539', 1, '2019-10-01', '2019-10-31', 15, 256, 1),
	('0015606998', 1, '2019-09-29', '2019-10-29', 15, 89, 2),
	('0015607208', 1, '2019-10-01', '2019-10-31', 15, 24, 2),
	('0015607214', 1, '2019-10-01', '2019-10-31', 15, 136, 1),
	('0015628953', 1, '2019-10-01', '2019-10-31', 9, 273, 2),
	('0015628955', 1, '2019-10-01', '2019-10-31', 9, 222, 1),
	('0015628965', 1, '2019-10-01', '2019-10-31', 9, 159, 1),
	('0015629035', 1, '2019-10-01', '2019-10-31', 15, 148, 1),
	('0015629048', 1, '2019-10-01', '2019-10-31', 9, 76, 2),
	('0015629051', 1, '2019-10-01', '2019-10-31', 9, 272, 1),
	('0015629991', 1, '2019-10-01', '2019-10-31', 15, 66, 2),
	('0015631355', 1, '2019-10-01', '2019-10-31', 9, 153, 1),
	('0015631356', 1, '2019-10-01', '2019-10-31', 15, 179, 1),
	('0015632177', 1, '2019-10-01', '2019-10-31', 15, 156, 1),
	('0015632190', 1, '2019-10-01', '2019-10-31', 15, 189, 1),
	('0015651576', 1, '2019-10-01', '2019-10-31', 15, 285, 1),
	('12755130', 1, '2019-09-13', '2019-10-13', 1, 205, 1),
	('12949191', 1, '2019-09-07', '2019-10-07', 1, 182, 1),
	('129492215', 1, '2019-09-07', '2019-10-07', 1, 174, 1),
	('12949249', 1, '2019-09-14', '2019-10-14', 1, 212, 1),
	('12949299', 1, '2019-09-14', '2019-10-14', 1, 210, 1),
	('132248696', 1, '2019-09-30', '2019-10-30', 1, 162, 1),
	('132359907', 1, '2019-09-15', '2019-10-15', 1, 215, 1),
	('13236723', 1, '2019-09-26', '2019-10-26', 1, 242, 1),
	('13248412', 1, '2019-09-23', '2019-10-23', 1, 232, 1),
	('13252104', 1, '2019-09-07', '2019-10-07', 1, 177, 1),
	('14980079', 1, '2019-09-11', '2019-10-11', 1, 198, 1),
	('1498026', 1, '2019-09-21', '2019-10-21', 1, 75, 2),
	('1498090', 1, '2019-09-10', '2019-10-10', 1, 48, 2),
	('14999816', 1, '2019-09-19', '2019-10-19', 1, 17, 2),
	('15002698', 1, '2019-09-08', '2019-10-08', 1, 42, 2),
	('15002735', 1, '2019-09-24', '2019-10-24', 1, 21, 2),
	('15002756', 1, '2019-09-12', '2019-10-12', 1, 129, 1),
	('1501950', 1, '2019-09-22', '2019-10-22', 1, 43, 2),
	('15029365', 1, '2019-09-03', '2019-10-03', 1, 26, 2),
	('15029366', 1, '2019-09-10', '2019-10-10', 1, 189, 1),
	('15029372', 1, '2019-09-27', '2019-10-27', 1, 257, 1),
	('150294429', 1, '2019-09-04', '2019-10-04', 1, 93, 2),
	('15033975', 1, '2019-09-02', '2019-10-02', 1, 166, 1),
	('15034738', 1, '2019-09-09', '2019-10-09', 1, 45, 2),
	('15083645', 1, '2019-09-06', '2019-10-06', 1, 51, 2),
	('156289', 1, '2019-09-26', '2019-10-26', 1, 164, 1),
	('15629032', 1, '2019-09-09', '2019-10-09', 1, 116, 1),
	('15629807', 1, '2019-09-21', '2019-10-21', 1, 73, 2),
	('156322177', 1, '2019-09-27', '2019-10-27', 1, 160, 1),
	('15651570', 1, '2019-09-25', '2019-10-25', 1, 80, 2),
	('15668388', 1, '2019-09-24', '2019-10-24', 1, 234, 1),
	('2164147', 1, '2019-09-27', '2019-10-27', 1, 86, 2),
	('2165128', 1, '2019-09-21', '2019-10-21', 1, 227, 1),
	('2165138', 1, '2019-09-03', '2019-10-03', 1, 103, 1),
	('2165290', 1, '2019-09-18', '2019-10-18', 1, 66, 2),
	('2206492', 1, '2019-09-14', '2019-10-14', 1, 213, 1),
	('2206949', 1, '2019-09-16', '2019-10-16', 1, 190, 1),
	('2268442', 1, '2019-09-30', '2019-10-30', 1, 91, 2),
	('2269057', 1, '2019-09-30', '2019-10-30', 1, 187, 1),
	('2269058', 1, '2019-09-26', '2019-10-26', 1, 82, 2),
	('2322033', 1, '2019-09-19', '2019-10-19', 1, 70, 2),
	('2336349', 1, '2019-09-27', '2019-10-27', 1, 85, 2),
	('2340989', 1, '2019-09-28', '2019-10-28', 1, 157, 1),
	('3041950', 1, '2019-09-12', '2019-10-12', 1, 200, 1),
	('3199116', 1, '2019-09-03', '2019-10-03', 1, 169, 1),
	('4641130', 1, '2019-09-16', '2019-10-16', 1, 60, 2),
	('4641227', 1, '2019-09-22', '2019-10-22', 1, 230, 1),
	('4651755', 1, '2019-09-18', '2019-10-18', 1, 225, 1),
	('4651757', 1, '2019-09-10', '2019-10-10', 1, 13, 2),
	('4669918', 1, '2019-09-23', '2019-10-23', 1, 76, 2),
	('4678129', 1, '2019-09-20', '2019-10-20', 1, 146, 1),
	('4691780', 1, '2019-09-03', '2019-10-03', 1, 258, 1),
	('52537226', 1, '2019-09-26', '2019-10-26', 1, 226, 1),
	('699604', 1, '2019-09-17', '2019-10-17', 1, 25, 2),
	('700440', 1, '2019-09-03', '2019-10-03', 1, 29, 2),
	('700450', 1, '2019-09-10', '2019-10-10', 1, 185, 1),
	('700457', 1, '2019-09-03', '2019-10-03', 1, 167, 1),
	('700533', 1, '2019-09-09', '2019-10-09', 1, 44, 2),
	('700886', 1, '2019-09-26', '2019-10-26', 1, 244, 1),
	('700917', 1, '2019-09-07', '2019-10-07', 1, 11, 2),
	('716000', 1, '2019-09-06', '2019-10-06', 1, 110, 1),
	('7255631', 1, '2019-09-07', '2019-10-07', 1, 113, 1),
	('725645', 1, '2019-09-27', '2019-10-27', 1, 92, 2),
	('725672', 1, '2019-09-14', '2019-10-14', 1, 59, 2),
	('726428', 1, '2019-09-10', '2019-10-10', 1, 193, 1),
	('726864', 1, '2019-09-12', '2019-10-12', 1, 196, 1),
	('726945', 1, '2019-09-01', '2019-10-01', 1, 98, 1),
	('734634', 1, '2019-09-10', '2019-10-10', 1, 49, 2),
	('745755', 1, '2019-09-23', '2019-10-23', 1, 138, 1),
	('745773', 1, '2019-09-09', '2019-10-09', 1, 46, 2),
	('745793', 1, '2019-09-14', '2019-10-14', 1, 207, 1),
	('745794', 1, '2019-09-04', '2019-10-04', 1, 16, 2),
	('745811', 1, '2019-09-03', '2019-10-03', 1, 27, 2),
	('745953', 1, '2019-09-12', '2019-10-12', 1, 203, 1),
	('745954', 1, '2019-09-11', '2019-10-11', 1, 50, 2),
	('745960', 1, '2019-09-03', '2019-10-03', 1, 28, 2),
	('746259', 1, '2019-09-16', '2019-10-16', 1, 218, 1),
	('746269', 1, '2019-09-25', '2019-10-25', 1, 237, 1),
	('746272', 1, '2019-09-20', '2019-10-20', 1, 72, 2),
	('746277', 1, '2019-09-17', '2019-10-17', 1, 33, 2),
	('746290', 1, '2019-09-13', '2019-10-13', 1, 15, 2),
	('7839222', 1, '2019-09-26', '2019-10-26', 1, 239, 1),
	('784064', 1, '2019-09-09', '2019-10-09', 1, 10, 2),
	('784264', 1, '2019-09-14', '2019-10-14', 1, 133, 1),
	('784556', 1, '2019-09-14', '2019-10-14', 1, 124, 1),
	('784652', 1, '2019-09-27', '2019-10-27', 1, 248, 1),
	('842042', 1, '2019-09-06', '2019-10-06', 1, 38, 2),
	('910996', 1, '2019-09-28', '2019-10-28', 1, 250, 1),
	('913020', 1, '2019-09-29', '2019-10-29', 1, 254, 1),
	('913061', 1, '2019-09-03', '2019-10-03', 1, 256, 1),
	('928718', 1, '2019-09-26', '2019-10-26', 1, 238, 1),
	('928776', 1, '2019-09-27', '2019-10-27', 1, 246, 1),
	('A0002164626', 1, '2019-09-26', '2019-10-26', 1, 77, 2);
/*!40000 ALTER TABLE `tarjeta` ENABLE KEYS */;

-- Volcando estructura para tabla deparqueo_bd.tipocliente
CREATE TABLE IF NOT EXISTS `tipocliente` (
  `id` int(11) NOT NULL AUTO_INCREMENT,
  `descripcion` varchar(50) COLLATE utf8_spanish_ci DEFAULT NULL,
  PRIMARY KEY (`id`)
) ENGINE=InnoDB AUTO_INCREMENT=8 DEFAULT CHARSET=utf8 COLLATE=utf8_spanish_ci;

-- Volcando datos para la tabla deparqueo_bd.tipocliente: ~7 rows (aproximadamente)
/*!40000 ALTER TABLE `tipocliente` DISABLE KEYS */;
INSERT INTO `tipocliente` (`id`, `descripcion`) VALUES
	(1, 'CLIENTE PROPIETARIO'),
	(2, 'CLIENTE PARTICULAR'),
	(3, 'OPERADOR (1) PARQUEADERO'),
	(4, 'OPERADOR (2) PARQUEADERO'),
	(5, 'ADMINISTRATIVO'),
	(6, 'GUARDA DE SEGURIDAD'),
	(7, 'CLIENTE PARTICULAR DEPRISA');
/*!40000 ALTER TABLE `tipocliente` ENABLE KEYS */;

-- Volcando estructura para tabla deparqueo_bd.tiposancion
CREATE TABLE IF NOT EXISTS `tiposancion` (
  `id` int(11) NOT NULL,
  `descripcion` varchar(100) COLLATE utf8_spanish_ci DEFAULT NULL,
  `valor` decimal(9,0) DEFAULT NULL
) ENGINE=InnoDB DEFAULT CHARSET=utf8 COLLATE=utf8_spanish_ci;

-- Volcando datos para la tabla deparqueo_bd.tiposancion: ~2 rows (aproximadamente)
/*!40000 ALTER TABLE `tiposancion` DISABLE KEYS */;
INSERT INTO `tiposancion` (`id`, `descripcion`, `valor`) VALUES
	(1, 'PERDIDA TICKET', 5000),
	(2, 'PERDIDA TARJETA', 15000);
/*!40000 ALTER TABLE `tiposancion` ENABLE KEYS */;

-- Volcando estructura para tabla deparqueo_bd.tipotarifa
CREATE TABLE IF NOT EXISTS `tipotarifa` (
  `id` int(11) NOT NULL AUTO_INCREMENT,
  `descripcion` varchar(50) COLLATE utf8_spanish_ci DEFAULT NULL,
  PRIMARY KEY (`id`)
) ENGINE=InnoDB AUTO_INCREMENT=13 DEFAULT CHARSET=utf8 COLLATE=utf8_spanish_ci COMMENT='Almacena los distintos tipos de tarifas que hay';

-- Volcando datos para la tabla deparqueo_bd.tipotarifa: ~8 rows (aproximadamente)
/*!40000 ALTER TABLE `tipotarifa` DISABLE KEYS */;
INSERT INTO `tipotarifa` (`id`, `descripcion`) VALUES
	(1, 'TARIFA POR HORA'),
	(2, 'TARIFA POR FRACCION'),
	(3, 'TARIFA MENSUALIDAD PROPIETARIOS'),
	(4, 'TARIFA SANCION'),
	(5, 'TARIFA MENSUAL PARTICULAR'),
	(6, 'TARIFA DIA'),
	(7, 'TARIFA NOCHE'),
	(12, 'TARIFA MENSUAL PARTICULAR DEPRISA');
/*!40000 ALTER TABLE `tipotarifa` ENABLE KEYS */;

-- Volcando estructura para tabla deparqueo_bd.tipovehiculo
CREATE TABLE IF NOT EXISTS `tipovehiculo` (
  `id` int(11) NOT NULL AUTO_INCREMENT,
  `descripcion` varchar(50) COLLATE utf8_spanish_ci DEFAULT NULL,
  `resumen` varchar(3) COLLATE utf8_spanish_ci DEFAULT NULL,
  PRIMARY KEY (`id`)
) ENGINE=InnoDB AUTO_INCREMENT=4 DEFAULT CHARSET=utf8 COLLATE=utf8_spanish_ci COMMENT='Almacena la informaci?n del tipo de vehiculo que puede ingresar al parqueadero';

-- Volcando datos para la tabla deparqueo_bd.tipovehiculo: ~3 rows (aproximadamente)
/*!40000 ALTER TABLE `tipovehiculo` DISABLE KEYS */;
INSERT INTO `tipovehiculo` (`id`, `descripcion`, `resumen`) VALUES
	(1, 'AUTOMOVIL', 'AUT'),
	(2, 'MOTOCICLETA', 'MOT'),
	(3, 'BICICLETA', 'BIC');
/*!40000 ALTER TABLE `tipovehiculo` ENABLE KEYS */;

-- Volcando estructura para tabla deparqueo_bd.usuario
CREATE TABLE IF NOT EXISTS `usuario` (
  `id` int(11) NOT NULL AUTO_INCREMENT,
  `usuario` varchar(20) COLLATE utf8_spanish_ci DEFAULT NULL,
  `clave` varchar(100) COLLATE utf8_spanish_ci DEFAULT NULL,
  `rfid` varchar(50) COLLATE utf8_spanish_ci DEFAULT NULL,
  `email` varchar(50) COLLATE utf8_spanish_ci DEFAULT NULL,
  `nombre` varchar(50) COLLATE utf8_spanish_ci DEFAULT NULL,
  `documento` varchar(20) COLLATE utf8_spanish_ci DEFAULT NULL,
  `fechanacimiento` date DEFAULT NULL,
  `rol` int(11) DEFAULT NULL,
  PRIMARY KEY (`id`),
  KEY `IXFK_usuario_rol` (`rol`),
  CONSTRAINT `FK_usuario_rol` FOREIGN KEY (`rol`) REFERENCES `rol` (`id`)
) ENGINE=InnoDB AUTO_INCREMENT=17 DEFAULT CHARSET=utf8 COLLATE=utf8_spanish_ci COMMENT='Almacena la informaci?n del usuario';

-- Volcando datos para la tabla deparqueo_bd.usuario: ~16 rows (aproximadamente)
/*!40000 ALTER TABLE `usuario` DISABLE KEYS */;
INSERT INTO `usuario` (`id`, `usuario`, `clave`, `rfid`, `email`, `nombre`, `documento`, `fechanacimiento`, `rol`) VALUES
	(1, 'admin', 'cb790697cf76998a6c7639cbc8cfe2cd520a1ba8', '', 'admin@deparqueo.co', 'Administrador', '123456', '2019-05-01', 1),
	(2, 'auxiliar', 'cb790697cf76998a6c7639cbc8cfe2cd520a1ba8', '', 'auxiliar@deparqueo.co', 'Auxiliar', '123456', '2019-06-17', 2),
	(3, 'caja', 'cb790697cf76998a6c7639cbc8cfe2cd520a1ba8', '', 'caja@deparqueo.co', 'Caja', '123456', '2019-06-17', 3),
	(4, 'puerta', '54fe09b530a7abf6d9aff98c623be922185c7568', '1508271901', 'puerta@deparqueo.co', 'Puerta', '123456', '2019-06-17', 4),
	(5, 'prueba', '54fe09b530a7abf6d9aff98c623be922185c7568', NULL, 'lore@gmail.com', 'dsads', '120332432', '2019-09-13', 3),
	(6, 'cmojica', '54fe09b530a7abf6d9aff98c623be922185c7568', NULL, 'carlos-armando-mojica@outlook.com', 'carlos armando mojica peña', '88225980', '1977-05-07', 1),
	(7, 'operador1', '54fe09b530a7abf6d9aff98c623be922185c7568', '0005171124', 'operador1@gmail.com', 'Operador 1', '123456', '2019-09-01', 4),
	(8, 'operador2', '54fe09b530a7abf6d9aff98c623be922185c7568', '0005220026', 'operador2@gmail.com', 'Operador 2', '123456', '2019-09-01', 4),
	(9, 'idelsa', '54fe09b530a7abf6d9aff98c623be922185c7568', '54545454545', 'ydelsasaca@gmail.com', 'idelsa', '3123123131', '2019-09-04', 2),
	(10, 'rocio', '54fe09b530a7abf6d9aff98c623be922185c7568', NULL, 'dasdda@34433434', 'rocio', 'weqweqqeqe', '2019-09-11', 2),
	(11, 'wilmer', '54fe09b530a7abf6d9aff98c623be922185c7568', NULL, 'ewrwerwe@erwrwrwre', 'wilmer', '4234234242', '2019-09-19', 2),
	(12, 'yenni', 'a370d629f09ab392333f1e03ce337a71d39a75c4', 'erewrewrwerwrwer', 'ewrwerwe@erwrwrwre', 'yenni', '121321331', '2019-10-08', 3),
	(13, 'operador3', '54fe09b530a7abf6d9aff98c623be922185c7568', '0009716002', 'operador3@gmail.com', 'Operador 3', '123456', '2019-10-01', 4),
	(14, 'CLAUDIA', 'a3ab5f6afece3a40f0874f1a919a3bccacdf826d', 'DSADSDDADAS', 'caya246@yahoo.es', 'CLAUDIA YANETH ARGUELLO', '60.410.389', '2019-10-01', 2),
	(15, 'emely', '7b78d2321e160fa16a08c12f92acd70764b8a295', 'dfsdfsdfsdfsdf', 'dfssdsdfsd@fsdfsdfsdfsdf', 'emely', '5242455453', '2019-07-10', 2),
	(16, 'emely2', '7b78d2321e160fa16a08c12f92acd70764b8a295', '4334343434', '34334|@4334343', 'emely caja', '343434343', '2019-10-02', 3);
/*!40000 ALTER TABLE `usuario` ENABLE KEYS */;

-- Volcando estructura para tabla deparqueo_bd.variable
CREATE TABLE IF NOT EXISTS `variable` (
  `id` int(11) NOT NULL,
  `descripcion` varchar(50) COLLATE utf8_spanish_ci NOT NULL,
  `valor` decimal(10,0) NOT NULL
) ENGINE=InnoDB DEFAULT CHARSET=utf8 COLLATE=utf8_spanish_ci COMMENT='Variables globales del sistema.';

-- Volcando datos para la tabla deparqueo_bd.variable: ~1 rows (aproximadamente)
/*!40000 ALTER TABLE `variable` DISABLE KEYS */;
INSERT INTO `variable` (`id`, `descripcion`, `valor`) VALUES
	(1, 'facturacion', 134505);
/*!40000 ALTER TABLE `variable` ENABLE KEYS */;

/*!40101 SET SQL_MODE=IFNULL(@OLD_SQL_MODE, '') */;
/*!40014 SET FOREIGN_KEY_CHECKS=IF(@OLD_FOREIGN_KEY_CHECKS IS NULL, 1, @OLD_FOREIGN_KEY_CHECKS) */;
/*!40101 SET CHARACTER_SET_CLIENT=@OLD_CHARACTER_SET_CLIENT */;
